Buenos Aires,Sección Primera,Luján,Luján,00596,COLEGIO JEAN PIAGET,0207100187X,https://resultados.gob.ar/elecciones/1/55322/1/-1/-1/Buenos-Aires/Secci%C3%B3n-Primera/Luj%C3%A1n/Luj%C3%A1n/00596/COLEGIO-JEAN-PIAGET/0207100187X
Buenos Aires,Sección Primera,Luján,Luján,00596,COLEGIO JEAN PIAGET,0207100188X,https://resultados.gob.ar/elecciones/1/55323/1/-1/-1/Buenos-Aires/Secci%C3%B3n-Primera/Luj%C3%A1n/Luj%C3%A1n/00596/COLEGIO-JEAN-PIAGET/0207100188X
Buenos Aires,Sección Primera,Luján,Luján,00596,COLEGIO JEAN PIAGET,0207100189X,https://resultados.gob.ar/elecciones/1/55324/1/-1/-1/Buenos-Aires/Secci%C3%B3n-Primera/Luj%C3%A1n/Luj%C3%A1n/00596/COLEGIO-JEAN-PIAGET/0207100189X
Buenos Aires,Sección Primera,Luján,Luján,00596,COLEGIO JEAN PIAGET,0207100190X,https://resultados.gob.ar/elecciones/1/55325/1/-1/-1/Buenos-Aires/Secci%C3%B3n-Primera/Luj%C3%A1n/Luj%C3%A1n/00596/COLEGIO-JEAN-PIAGET/0207100190X
Buenos Aires,Sección Primera,Luján,Luján,00596,COLEGIO JEAN PIAGET,0207100191X,https://resultados.gob.ar/elecciones/1/55326/1/-1/-1/Buenos-Aires/Secci%C3%B3n-Primera/Luj%C3%A1n/Luj%C3%A1n/00596/COLEGIO-JEAN-PIAGET/0207100191X
Buenos Aires,Sección Primera,Luján,Luján,00596,COLEGIO JEAN PIAGET,0207100192X,https://resultados.gob.ar/elecciones/1/55327/1/-1/-1/Buenos-Aires/Secci%C3%B3n-Primera/Luj%C3%A1n/Luj%C3%A1n/00596/COLEGIO-JEAN-PIAGET/0207100192X
Buenos Aires,Sección Primera,Luján,Luján,00596,COLEGIO LOS TILOS(EP/ES),0207100146X,https://resultados.gob.ar/elecciones/1/55281/1/-1/-1/Buenos-Aires/Secci%C3%B3n-Primera/Luj%C3%A1n/Luj%C3%A1n/00596/COLEGIO-LOS-TILOS(EP%2FES)/0207100146X
Buenos Aires,Sección Primera,Luján,Luján,00596,COLEGIO LOS TILOS(EP/ES),0207100147X,https://resultados.gob.ar/elecciones/1/55282/1/-1/-1/Buenos-Aires/Secci%C3%B3n-Primera/Luj%C3%A1n/Luj%C3%A1n/00596/COLEGIO-LOS-TILOS(EP%2FES)/0207100147X
Buenos Aires,Sección Primera,Luján,Luján,00596,COLEGIO LOS TILOS(EP/ES),0207100148X,https://resultados.gob.ar/elecciones/1/55283/1/-1/-1/Buenos-Aires/Secci%C3%B3n-Primera/Luj%C3%A1n/Luj%C3%A1n/00596/COLEGIO-LOS-TILOS(EP%2FES)/0207100148X
Buenos Aires,Sección Primera,Luján,Luján,00596,COLEGIO LOS TILOS(EP/ES),0207100149X,https://resultados.gob.ar/elecciones/1/55284/1/-1/-1/Buenos-Aires/Secci%C3%B3n-Primera/Luj%C3%A1n/Luj%C3%A1n/00596/COLEGIO-LOS-TILOS(EP%2FES)/0207100149X
Buenos Aires,Sección Primera,Luján,Luján,00596,COLEGIO LOS TILOS(EP/ES),0207100150X,https://resultados.gob.ar/elecciones/1/55285/1/-1/-1/Buenos-Aires/Secci%C3%B3n-Primera/Luj%C3%A1n/Luj%C3%A1n/00596/COLEGIO-LOS-TILOS(EP%2FES)/0207100150X
Buenos Aires,Sección Primera,Luján,Luján,00596,COLEGIO LOS TILOS(EP/ES),0207100151X,https://resultados.gob.ar/elecciones/1/55286/1/-1/-1/Buenos-Aires/Secci%C3%B3n-Primera/Luj%C3%A1n/Luj%C3%A1n/00596/COLEGIO-LOS-TILOS(EP%2FES)/0207100151X
Buenos Aires,Sección Primera,Luján,Luján,00596,COLEGIO LOS TILOS(EP/ES),0207100152X,https://resultados.gob.ar/elecciones/1/55287/1/-1/-1/Buenos-Aires/Secci%C3%B3n-Primera/Luj%C3%A1n/Luj%C3%A1n/00596/COLEGIO-LOS-TILOS(EP%2FES)/0207100152X
Buenos Aires,Sección Primera,Luján,Luján,00596,COLEGIO LOS TILOS(EP/ES),0207100153X,https://resultados.gob.ar/elecciones/1/55288/1/-1/-1/Buenos-Aires/Secci%C3%B3n-Primera/Luj%C3%A1n/Luj%C3%A1n/00596/COLEGIO-LOS-TILOS(EP%2FES)/0207100153X
Buenos Aires,Sección Primera,Luján,Luján,00596,COLEGIO LOS TILOS(EP/ES),0207100154X,https://resultados.gob.ar/elecciones/1/55289/1/-1/-1/Buenos-Aires/Secci%C3%B3n-Primera/Luj%C3%A1n/Luj%C3%A1n/00596/COLEGIO-LOS-TILOS(EP%2FES)/0207100154X
Buenos Aires,Sección Primera,Luján,Luján,00596,COLEGIO NTRA.SRA DE LUJAN (ES),0207100068X,https://resultados.gob.ar/elecciones/1/55203/1/-1/-1/Buenos-Aires/Secci%C3%B3n-Primera/Luj%C3%A1n/Luj%C3%A1n/00596/COLEGIO-NTRA.SRA-DE-LUJAN-(ES)/0207100068X
Buenos Aires,Sección Primera,Luján,Luján,00596,COLEGIO NTRA.SRA DE LUJAN (ES),0207100069X,https://resultados.gob.ar/elecciones/1/55204/1/-1/-1/Buenos-Aires/Secci%C3%B3n-Primera/Luj%C3%A1n/Luj%C3%A1n/00596/COLEGIO-NTRA.SRA-DE-LUJAN-(ES)/0207100069X
Buenos Aires,Sección Primera,Luján,Luján,00596,COLEGIO NTRA.SRA DE LUJAN (ES),0207100070X,https://resultados.gob.ar/elecciones/1/55205/1/-1/-1/Buenos-Aires/Secci%C3%B3n-Primera/Luj%C3%A1n/Luj%C3%A1n/00596/COLEGIO-NTRA.SRA-DE-LUJAN-(ES)/0207100070X
Buenos Aires,Sección Primera,Luján,Luján,00596,COLEGIO NTRA.SRA DE LUJAN (ES),0207100071X,https://resultados.gob.ar/elecciones/1/55206/1/-1/-1/Buenos-Aires/Secci%C3%B3n-Primera/Luj%C3%A1n/Luj%C3%A1n/00596/COLEGIO-NTRA.SRA-DE-LUJAN-(ES)/0207100071X
Buenos Aires,Sección Primera,Luján,Luján,00596,COLEGIO NTRA.SRA DE LUJAN (ES),0207100072X,https://resultados.gob.ar/elecciones/1/55207/1/-1/-1/Buenos-Aires/Secci%C3%B3n-Primera/Luj%C3%A1n/Luj%C3%A1n/00596/COLEGIO-NTRA.SRA-DE-LUJAN-(ES)/0207100072X
Buenos Aires,Sección Primera,Luján,Luján,00596,COLEGIO NTRA.SRA DE LUJAN (ES),0207100073X,https://resultados.gob.ar/elecciones/1/55208/1/-1/-1/Buenos-Aires/Secci%C3%B3n-Primera/Luj%C3%A1n/Luj%C3%A1n/00596/COLEGIO-NTRA.SRA-DE-LUJAN-(ES)/0207100073X
Buenos Aires,Sección Primera,Luján,Luján,00596,COLEGIO NTRA.SRA.DE LUJAN (EP),0207100155X,https://resultados.gob.ar/elecciones/1/55290/1/-1/-1/Buenos-Aires/Secci%C3%B3n-Primera/Luj%C3%A1n/Luj%C3%A1n/00596/COLEGIO-NTRA.SRA.DE-LUJAN-(EP)/0207100155X
Buenos Aires,Sección Primera,Luján,Luján,00596,COLEGIO NTRA.SRA.DE LUJAN (EP),0207100156X,https://resultados.gob.ar/elecciones/1/55291/1/-1/-1/Buenos-Aires/Secci%C3%B3n-Primera/Luj%C3%A1n/Luj%C3%A1n/00596/COLEGIO-NTRA.SRA.DE-LUJAN-(EP)/0207100156X
Buenos Aires,Sección Primera,Luján,Luján,00596,COLEGIO NTRA.SRA.DE LUJAN (EP),0207100157X,https://resultados.gob.ar/elecciones/1/55292/1/-1/-1/Buenos-Aires/Secci%C3%B3n-Primera/Luj%C3%A1n/Luj%C3%A1n/00596/COLEGIO-NTRA.SRA.DE-LUJAN-(EP)/0207100157X
Buenos Aires,Sección Primera,Luján,Luján,00596,COLEGIO NTRA.SRA.DE LUJAN (EP),0207100158X,https://resultados.gob.ar/elecciones/1/55293/1/-1/-1/Buenos-Aires/Secci%C3%B3n-Primera/Luj%C3%A1n/Luj%C3%A1n/00596/COLEGIO-NTRA.SRA.DE-LUJAN-(EP)/0207100158X
Buenos Aires,Sección Primera,Luján,Luján,00596,COLEGIO NTRA.SRA.DE LUJAN (EP),0207100159X,https://resultados.gob.ar/elecciones/1/55294/1/-1/-1/Buenos-Aires/Secci%C3%B3n-Primera/Luj%C3%A1n/Luj%C3%A1n/00596/COLEGIO-NTRA.SRA.DE-LUJAN-(EP)/0207100159X
Buenos Aires,Sección Primera,Luján,Luján,00596,COLEGIO NTRA.SRA.DE LUJAN (EP),0207100160X,https://resultados.gob.ar/elecciones/1/55295/1/-1/-1/Buenos-Aires/Secci%C3%B3n-Primera/Luj%C3%A1n/Luj%C3%A1n/00596/COLEGIO-NTRA.SRA.DE-LUJAN-(EP)/0207100160X
Buenos Aires,Sección Primera,Luján,Luján,00596,COLEGIO NTRA.SRA.DE LUJAN (EP),0207100161X,https://resultados.gob.ar/elecciones/1/55296/1/-1/-1/Buenos-Aires/Secci%C3%B3n-Primera/Luj%C3%A1n/Luj%C3%A1n/00596/COLEGIO-NTRA.SRA.DE-LUJAN-(EP)/0207100161X
Buenos Aires,Sección Primera,Luján,Luján,00596,COLEGIO NTRA.SRA.DE LUJAN (EP),0207100162X,https://resultados.gob.ar/elecciones/1/55297/1/-1/-1/Buenos-Aires/Secci%C3%B3n-Primera/Luj%C3%A1n/Luj%C3%A1n/00596/COLEGIO-NTRA.SRA.DE-LUJAN-(EP)/0207100162X
Buenos Aires,Sección Primera,Luján,Luján,00596,COLEGIO NTRA.SRA.DE LUJAN (EP),0207100163X,https://resultados.gob.ar/elecciones/1/55298/1/-1/-1/Buenos-Aires/Secci%C3%B3n-Primera/Luj%C3%A1n/Luj%C3%A1n/00596/COLEGIO-NTRA.SRA.DE-LUJAN-(EP)/0207100163X
Buenos Aires,Sección Primera,Luján,Luján,00596,CTRO.EDUC.COMPLEMENTARIO N°801,0207100089X,https://resultados.gob.ar/elecciones/1/55224/1/-1/-1/Buenos-Aires/Secci%C3%B3n-Primera/Luj%C3%A1n/Luj%C3%A1n/00596/CTRO.EDUC.COMPLEMENTARIO-N%C2%B0801/0207100089X
Buenos Aires,Sección Primera,Luján,Luján,00596,CTRO.EDUC.COMPLEMENTARIO N°801,0207100090X,https://resultados.gob.ar/elecciones/1/55225/1/-1/-1/Buenos-Aires/Secci%C3%B3n-Primera/Luj%C3%A1n/Luj%C3%A1n/00596/CTRO.EDUC.COMPLEMENTARIO-N%C2%B0801/0207100090X
Buenos Aires,Sección Primera,Luján,Luján,00596,CTRO.EDUC.COMPLEMENTARIO N°801,0207100091X,https://resultados.gob.ar/elecciones/1/55226/1/-1/-1/Buenos-Aires/Secci%C3%B3n-Primera/Luj%C3%A1n/Luj%C3%A1n/00596/CTRO.EDUC.COMPLEMENTARIO-N%C2%B0801/0207100091X
Buenos Aires,Sección Primera,Luján,Luján,00596,CTRO.EDUC.COMPLEMENTARIO N°801,0207100092X,https://resultados.gob.ar/elecciones/1/55227/1/-1/-1/Buenos-Aires/Secci%C3%B3n-Primera/Luj%C3%A1n/Luj%C3%A1n/00596/CTRO.EDUC.COMPLEMENTARIO-N%C2%B0801/0207100092X
Buenos Aires,Sección Primera,Luján,Luján,00596,ESCUELA CANONIGO JOSE CARDIJN,0207100193X,https://resultados.gob.ar/elecciones/1/55328/1/-1/-1/Buenos-Aires/Secci%C3%B3n-Primera/Luj%C3%A1n/Luj%C3%A1n/00596/ESCUELA-CANONIGO-JOSE-CARDIJN/0207100193X
Buenos Aires,Sección Primera,Luján,Luján,00596,ESCUELA CANONIGO JOSE CARDIJN,0207100194X,https://resultados.gob.ar/elecciones/1/55329/1/-1/-1/Buenos-Aires/Secci%C3%B3n-Primera/Luj%C3%A1n/Luj%C3%A1n/00596/ESCUELA-CANONIGO-JOSE-CARDIJN/0207100194X
Buenos Aires,Sección Primera,Luján,Luján,00596,ESCUELA CANONIGO JOSE CARDIJN,0207100195X,https://resultados.gob.ar/elecciones/1/55330/1/-1/-1/Buenos-Aires/Secci%C3%B3n-Primera/Luj%C3%A1n/Luj%C3%A1n/00596/ESCUELA-CANONIGO-JOSE-CARDIJN/0207100195X
Buenos Aires,Sección Primera,Luján,Luján,00596,ESCUELA CANONIGO JOSE CARDIJN,0207100196X,https://resultados.gob.ar/elecciones/1/55331/1/-1/-1/Buenos-Aires/Secci%C3%B3n-Primera/Luj%C3%A1n/Luj%C3%A1n/00596/ESCUELA-CANONIGO-JOSE-CARDIJN/0207100196X
Buenos Aires,Sección Primera,Luján,Luján,00596,ESCUELA CANONIGO JOSE CARDIJN,0207100197X,https://resultados.gob.ar/elecciones/1/55332/1/-1/-1/Buenos-Aires/Secci%C3%B3n-Primera/Luj%C3%A1n/Luj%C3%A1n/00596/ESCUELA-CANONIGO-JOSE-CARDIJN/0207100197X
Buenos Aires,Sección Primera,Luján,Luján,00596,ESCUELA CANONIGO JOSE CARDIJN,0207100198X,https://resultados.gob.ar/elecciones/1/55333/1/-1/-1/Buenos-Aires/Secci%C3%B3n-Primera/Luj%C3%A1n/Luj%C3%A1n/00596/ESCUELA-CANONIGO-JOSE-CARDIJN/0207100198X
Buenos Aires,Sección Primera,Luján,Luján,00596,ESCUELA CANONIGO JOSE CARDIJN,0207100199X,https://resultados.gob.ar/elecciones/1/55334/1/-1/-1/Buenos-Aires/Secci%C3%B3n-Primera/Luj%C3%A1n/Luj%C3%A1n/00596/ESCUELA-CANONIGO-JOSE-CARDIJN/0207100199X
Buenos Aires,Sección Primera,Luján,Luján,00596,ESCUELA CANONIGO JOSE CARDIJN,0207100200X,https://resultados.gob.ar/elecciones/1/55335/1/-1/-1/Buenos-Aires/Secci%C3%B3n-Primera/Luj%C3%A1n/Luj%C3%A1n/00596/ESCUELA-CANONIGO-JOSE-CARDIJN/0207100200X
Buenos Aires,Sección Primera,Luján,Luján,00596,ESCUELA DR.ANGEL GUTIERREZ (EP/ES),0207100164X,https://resultados.gob.ar/elecciones/1/55299/1/-1/-1/Buenos-Aires/Secci%C3%B3n-Primera/Luj%C3%A1n/Luj%C3%A1n/00596/ESCUELA-DR.ANGEL-GUTIERREZ-(EP%2FES)/0207100164X
Buenos Aires,Sección Primera,Luján,Luján,00596,ESCUELA DR.ANGEL GUTIERREZ (EP/ES),0207100165X,https://resultados.gob.ar/elecciones/1/55300/1/-1/-1/Buenos-Aires/Secci%C3%B3n-Primera/Luj%C3%A1n/Luj%C3%A1n/00596/ESCUELA-DR.ANGEL-GUTIERREZ-(EP%2FES)/0207100165X
Buenos Aires,Sección Primera,Luján,Luján,00596,ESCUELA DR.ANGEL GUTIERREZ (EP/ES),0207100166X,https://resultados.gob.ar/elecciones/1/55301/1/-1/-1/Buenos-Aires/Secci%C3%B3n-Primera/Luj%C3%A1n/Luj%C3%A1n/00596/ESCUELA-DR.ANGEL-GUTIERREZ-(EP%2FES)/0207100166X
Buenos Aires,Sección Primera,Luján,Luján,00596,ESCUELA DR.ANGEL GUTIERREZ (EP/ES),0207100167X,https://resultados.gob.ar/elecciones/1/55302/1/-1/-1/Buenos-Aires/Secci%C3%B3n-Primera/Luj%C3%A1n/Luj%C3%A1n/00596/ESCUELA-DR.ANGEL-GUTIERREZ-(EP%2FES)/0207100167X
Buenos Aires,Sección Primera,Luján,Luján,00596,ESCUELA DR.ANGEL GUTIERREZ (EP/ES),0207100168X,https://resultados.gob.ar/elecciones/1/55303/1/-1/-1/Buenos-Aires/Secci%C3%B3n-Primera/Luj%C3%A1n/Luj%C3%A1n/00596/ESCUELA-DR.ANGEL-GUTIERREZ-(EP%2FES)/0207100168X
Buenos Aires,Sección Primera,Luján,Luján,00596,ESCUELA DR.ANGEL GUTIERREZ (EP/ES),0207100169X,https://resultados.gob.ar/elecciones/1/55304/1/-1/-1/Buenos-Aires/Secci%C3%B3n-Primera/Luj%C3%A1n/Luj%C3%A1n/00596/ESCUELA-DR.ANGEL-GUTIERREZ-(EP%2FES)/0207100169X
Buenos Aires,Sección Primera,Luján,Luján,00596,ESCUELA DR.ANGEL GUTIERREZ (EP/ES),0207100170X,https://resultados.gob.ar/elecciones/1/55305/1/-1/-1/Buenos-Aires/Secci%C3%B3n-Primera/Luj%C3%A1n/Luj%C3%A1n/00596/ESCUELA-DR.ANGEL-GUTIERREZ-(EP%2FES)/0207100170X
Buenos Aires,Sección Primera,Luján,Luján,00596,ESCUELA EDUC.ESPECIAL N°501,0207100171X,https://resultados.gob.ar/elecciones/1/55306/1/-1/-1/Buenos-Aires/Secci%C3%B3n-Primera/Luj%C3%A1n/Luj%C3%A1n/00596/ESCUELA-EDUC.ESPECIAL-N%C2%B0501/0207100171X
Buenos Aires,Sección Primera,Luján,Luján,00596,ESCUELA EDUC.ESPECIAL N°501,0207100172X,https://resultados.gob.ar/elecciones/1/55307/1/-1/-1/Buenos-Aires/Secci%C3%B3n-Primera/Luj%C3%A1n/Luj%C3%A1n/00596/ESCUELA-EDUC.ESPECIAL-N%C2%B0501/0207100172X
Buenos Aires,Sección Primera,Luján,Luján,00596,ESCUELA EDUC.ESPECIAL N°501,0207100173X,https://resultados.gob.ar/elecciones/1/55308/1/-1/-1/Buenos-Aires/Secci%C3%B3n-Primera/Luj%C3%A1n/Luj%C3%A1n/00596/ESCUELA-EDUC.ESPECIAL-N%C2%B0501/0207100173X
Buenos Aires,Sección Primera,Luján,Luján,00596,ESCUELA EDUC.ESPECIAL N°501,0207100174X,https://resultados.gob.ar/elecciones/1/55309/1/-1/-1/Buenos-Aires/Secci%C3%B3n-Primera/Luj%C3%A1n/Luj%C3%A1n/00596/ESCUELA-EDUC.ESPECIAL-N%C2%B0501/0207100174X
Buenos Aires,Sección Primera,Luján,Luján,00596,ESCUELA EDUC.ESPECIAL N°501,0207100175X,https://resultados.gob.ar/elecciones/1/55310/1/-1/-1/Buenos-Aires/Secci%C3%B3n-Primera/Luj%C3%A1n/Luj%C3%A1n/00596/ESCUELA-EDUC.ESPECIAL-N%C2%B0501/0207100175X
Buenos Aires,Sección Primera,Luján,Luján,00596,ESCUELA EDUC.ESPECIAL N°501,0207100176X,https://resultados.gob.ar/elecciones/1/55311/1/-1/-1/Buenos-Aires/Secci%C3%B3n-Primera/Luj%C3%A1n/Luj%C3%A1n/00596/ESCUELA-EDUC.ESPECIAL-N%C2%B0501/0207100176X
Buenos Aires,Sección Primera,Luján,Luján,00596,ESCUELA EDUC.ESPECIAL N°501,0207100177X,https://resultados.gob.ar/elecciones/1/55312/1/-1/-1/Buenos-Aires/Secci%C3%B3n-Primera/Luj%C3%A1n/Luj%C3%A1n/00596/ESCUELA-EDUC.ESPECIAL-N%C2%B0501/0207100177X
Buenos Aires,Sección Primera,Luján,Luján,00596,ESCUELA EDUC.ESPECIAL N°501,0207100178X,https://resultados.gob.ar/elecciones/1/55313/1/-1/-1/Buenos-Aires/Secci%C3%B3n-Primera/Luj%C3%A1n/Luj%C3%A1n/00596/ESCUELA-EDUC.ESPECIAL-N%C2%B0501/0207100178X
Buenos Aires,Sección Primera,Luján,Luján,00596,ESCUELA EP N° 35/ES N°13,0207100093X,https://resultados.gob.ar/elecciones/1/55228/1/-1/-1/Buenos-Aires/Secci%C3%B3n-Primera/Luj%C3%A1n/Luj%C3%A1n/00596/ESCUELA-EP-N%C2%B0-35%2FES-N%C2%B013/0207100093X
Buenos Aires,Sección Primera,Luján,Luján,00596,ESCUELA EP N° 35/ES N°13,0207100094X,https://resultados.gob.ar/elecciones/1/55229/1/-1/-1/Buenos-Aires/Secci%C3%B3n-Primera/Luj%C3%A1n/Luj%C3%A1n/00596/ESCUELA-EP-N%C2%B0-35%2FES-N%C2%B013/0207100094X
Buenos Aires,Sección Primera,Luján,Luján,00596,ESCUELA EP N° 35/ES N°13,0207100095X,https://resultados.gob.ar/elecciones/1/55230/1/-1/-1/Buenos-Aires/Secci%C3%B3n-Primera/Luj%C3%A1n/Luj%C3%A1n/00596/ESCUELA-EP-N%C2%B0-35%2FES-N%C2%B013/0207100095X
Buenos Aires,Sección Primera,Luján,Luján,00596,ESCUELA EP N° 35/ES N°13,0207100096X,https://resultados.gob.ar/elecciones/1/55231/1/-1/-1/Buenos-Aires/Secci%C3%B3n-Primera/Luj%C3%A1n/Luj%C3%A1n/00596/ESCUELA-EP-N%C2%B0-35%2FES-N%C2%B013/0207100096X
Buenos Aires,Sección Primera,Luján,Luján,00596,ESCUELA EP N° 35/ES N°13,0207100097X,https://resultados.gob.ar/elecciones/1/55232/1/-1/-1/Buenos-Aires/Secci%C3%B3n-Primera/Luj%C3%A1n/Luj%C3%A1n/00596/ESCUELA-EP-N%C2%B0-35%2FES-N%C2%B013/0207100097X
Buenos Aires,Sección Primera,Luján,Luján,00596,ESCUELA EP N° 35/ES N°13,0207100098X,https://resultados.gob.ar/elecciones/1/55233/1/-1/-1/Buenos-Aires/Secci%C3%B3n-Primera/Luj%C3%A1n/Luj%C3%A1n/00596/ESCUELA-EP-N%C2%B0-35%2FES-N%C2%B013/0207100098X
Buenos Aires,Sección Primera,Luján,Luján,00596,ESCUELA EP N° 35/ES N°13,0207100099X,https://resultados.gob.ar/elecciones/1/55234/1/-1/-1/Buenos-Aires/Secci%C3%B3n-Primera/Luj%C3%A1n/Luj%C3%A1n/00596/ESCUELA-EP-N%C2%B0-35%2FES-N%C2%B013/0207100099X
Buenos Aires,Sección Primera,Luján,Luján,00596,ESCUELA EP N° 35/ES N°13,0207100100X,https://resultados.gob.ar/elecciones/1/55235/1/-1/-1/Buenos-Aires/Secci%C3%B3n-Primera/Luj%C3%A1n/Luj%C3%A1n/00596/ESCUELA-EP-N%C2%B0-35%2FES-N%C2%B013/0207100100X
Buenos Aires,Sección Primera,Luján,Luján,00596,ESCUELA EP N° 35/ES N°13,0207100101X,https://resultados.gob.ar/elecciones/1/55236/1/-1/-1/Buenos-Aires/Secci%C3%B3n-Primera/Luj%C3%A1n/Luj%C3%A1n/00596/ESCUELA-EP-N%C2%B0-35%2FES-N%C2%B013/0207100101X
Buenos Aires,Sección Primera,Luján,Luján,00596,ESCUELA EP N°1/ES N°19,0207100010X,https://resultados.gob.ar/elecciones/1/55145/1/-1/-1/Buenos-Aires/Secci%C3%B3n-Primera/Luj%C3%A1n/Luj%C3%A1n/00596/ESCUELA-EP-N%C2%B01%2FES-N%C2%B019/0207100010X
Buenos Aires,Sección Primera,Luján,Luján,00596,ESCUELA EP N°1/ES N°19,0207100011X,https://resultados.gob.ar/elecciones/1/55146/1/-1/-1/Buenos-Aires/Secci%C3%B3n-Primera/Luj%C3%A1n/Luj%C3%A1n/00596/ESCUELA-EP-N%C2%B01%2FES-N%C2%B019/0207100011X
Buenos Aires,Sección Primera,Luján,Luján,00596,ESCUELA EP N°1/ES N°19,0207100012X,https://resultados.gob.ar/elecciones/1/55147/1/-1/-1/Buenos-Aires/Secci%C3%B3n-Primera/Luj%C3%A1n/Luj%C3%A1n/00596/ESCUELA-EP-N%C2%B01%2FES-N%C2%B019/0207100012X
Buenos Aires,Sección Primera,Luján,Luján,00596,ESCUELA EP N°1/ES N°19,0207100013X,https://resultados.gob.ar/elecciones/1/55148/1/-1/-1/Buenos-Aires/Secci%C3%B3n-Primera/Luj%C3%A1n/Luj%C3%A1n/00596/ESCUELA-EP-N%C2%B01%2FES-N%C2%B019/0207100013X
Buenos Aires,Sección Primera,Luján,Luján,00596,ESCUELA EP N°1/ES N°19,0207100014X,https://resultados.gob.ar/elecciones/1/55149/1/-1/-1/Buenos-Aires/Secci%C3%B3n-Primera/Luj%C3%A1n/Luj%C3%A1n/00596/ESCUELA-EP-N%C2%B01%2FES-N%C2%B019/0207100014X
Buenos Aires,Sección Primera,Luján,Luján,00596,ESCUELA EP N°1/ES N°19,0207100015X,https://resultados.gob.ar/elecciones/1/55150/1/-1/-1/Buenos-Aires/Secci%C3%B3n-Primera/Luj%C3%A1n/Luj%C3%A1n/00596/ESCUELA-EP-N%C2%B01%2FES-N%C2%B019/0207100015X
Buenos Aires,Sección Primera,Luján,Luján,00596,ESCUELA EP N°1/ES N°19,0207100016X,https://resultados.gob.ar/elecciones/1/55151/1/-1/-1/Buenos-Aires/Secci%C3%B3n-Primera/Luj%C3%A1n/Luj%C3%A1n/00596/ESCUELA-EP-N%C2%B01%2FES-N%C2%B019/0207100016X
Buenos Aires,Sección Primera,Luján,Luján,00596,ESCUELA EP N°1/ES N°19,0207100017X,https://resultados.gob.ar/elecciones/1/55152/1/-1/-1/Buenos-Aires/Secci%C3%B3n-Primera/Luj%C3%A1n/Luj%C3%A1n/00596/ESCUELA-EP-N%C2%B01%2FES-N%C2%B019/0207100017X
Buenos Aires,Sección Primera,Luján,Luján,00596,ESCUELA EP N°10,0207100102X,https://resultados.gob.ar/elecciones/1/55237/1/-1/-1/Buenos-Aires/Secci%C3%B3n-Primera/Luj%C3%A1n/Luj%C3%A1n/00596/ESCUELA-EP-N%C2%B010/0207100102X
Buenos Aires,Sección Primera,Luján,Luján,00596,ESCUELA EP N°10,0207100103X,https://resultados.gob.ar/elecciones/1/55238/1/-1/-1/Buenos-Aires/Secci%C3%B3n-Primera/Luj%C3%A1n/Luj%C3%A1n/00596/ESCUELA-EP-N%C2%B010/0207100103X
Buenos Aires,Sección Primera,Luján,Luján,00596,ESCUELA EP N°10,0207100104X,https://resultados.gob.ar/elecciones/1/55239/1/-1/-1/Buenos-Aires/Secci%C3%B3n-Primera/Luj%C3%A1n/Luj%C3%A1n/00596/ESCUELA-EP-N%C2%B010/0207100104X
Buenos Aires,Sección Primera,Luján,Luján,00596,ESCUELA EP N°11,0207100018X,https://resultados.gob.ar/elecciones/1/55153/1/-1/-1/Buenos-Aires/Secci%C3%B3n-Primera/Luj%C3%A1n/Luj%C3%A1n/00596/ESCUELA-EP-N%C2%B011/0207100018X
Buenos Aires,Sección Primera,Luján,Luján,00596,ESCUELA EP N°11,0207100019X,https://resultados.gob.ar/elecciones/1/55154/1/-1/-1/Buenos-Aires/Secci%C3%B3n-Primera/Luj%C3%A1n/Luj%C3%A1n/00596/ESCUELA-EP-N%C2%B011/0207100019X
Buenos Aires,Sección Primera,Luján,Luján,00596,ESCUELA EP N°11,0207100020X,https://resultados.gob.ar/elecciones/1/55155/1/-1/-1/Buenos-Aires/Secci%C3%B3n-Primera/Luj%C3%A1n/Luj%C3%A1n/00596/ESCUELA-EP-N%C2%B011/0207100020X
Buenos Aires,Sección Primera,Luján,Luján,00596,ESCUELA EP N°11,0207100021X,https://resultados.gob.ar/elecciones/1/55156/1/-1/-1/Buenos-Aires/Secci%C3%B3n-Primera/Luj%C3%A1n/Luj%C3%A1n/00596/ESCUELA-EP-N%C2%B011/0207100021X
Buenos Aires,Sección Primera,Luján,Luján,00596,ESCUELA EP N°11,0207100022X,https://resultados.gob.ar/elecciones/1/55157/1/-1/-1/Buenos-Aires/Secci%C3%B3n-Primera/Luj%C3%A1n/Luj%C3%A1n/00596/ESCUELA-EP-N%C2%B011/0207100022X
Buenos Aires,Sección Primera,Luján,Luján,00596,ESCUELA EP N°11,0207100023X,https://resultados.gob.ar/elecciones/1/55158/1/-1/-1/Buenos-Aires/Secci%C3%B3n-Primera/Luj%C3%A1n/Luj%C3%A1n/00596/ESCUELA-EP-N%C2%B011/0207100023X
Buenos Aires,Sección Primera,Luján,Luján,00596,ESCUELA EP N°11,0207100024X,https://resultados.gob.ar/elecciones/1/55159/1/-1/-1/Buenos-Aires/Secci%C3%B3n-Primera/Luj%C3%A1n/Luj%C3%A1n/00596/ESCUELA-EP-N%C2%B011/0207100024X
Buenos Aires,Sección Primera,Luján,Luján,00596,ESCUELA EP N°11,0207100025X,https://resultados.gob.ar/elecciones/1/55160/1/-1/-1/Buenos-Aires/Secci%C3%B3n-Primera/Luj%C3%A1n/Luj%C3%A1n/00596/ESCUELA-EP-N%C2%B011/0207100025X
Buenos Aires,Sección Primera,Luján,Luján,00596,ESCUELA EP N°12,0207100026X,https://resultados.gob.ar/elecciones/1/55161/1/-1/-1/Buenos-Aires/Secci%C3%B3n-Primera/Luj%C3%A1n/Luj%C3%A1n/00596/ESCUELA-EP-N%C2%B012/0207100026X
Buenos Aires,Sección Primera,Luján,Luján,00596,ESCUELA EP N°12,0207100027X,https://resultados.gob.ar/elecciones/1/55162/1/-1/-1/Buenos-Aires/Secci%C3%B3n-Primera/Luj%C3%A1n/Luj%C3%A1n/00596/ESCUELA-EP-N%C2%B012/0207100027X
Buenos Aires,Sección Primera,Luján,Luján,00596,ESCUELA EP N°12,0207100028X,https://resultados.gob.ar/elecciones/1/55163/1/-1/-1/Buenos-Aires/Secci%C3%B3n-Primera/Luj%C3%A1n/Luj%C3%A1n/00596/ESCUELA-EP-N%C2%B012/0207100028X
Buenos Aires,Sección Primera,Luján,Luján,00596,ESCUELA EP N°12,0207100029X,https://resultados.gob.ar/elecciones/1/55164/1/-1/-1/Buenos-Aires/Secci%C3%B3n-Primera/Luj%C3%A1n/Luj%C3%A1n/00596/ESCUELA-EP-N%C2%B012/0207100029X
Buenos Aires,Sección Primera,Luján,Luján,00596,ESCUELA EP N°12,0207100030X,https://resultados.gob.ar/elecciones/1/55165/1/-1/-1/Buenos-Aires/Secci%C3%B3n-Primera/Luj%C3%A1n/Luj%C3%A1n/00596/ESCUELA-EP-N%C2%B012/0207100030X
Buenos Aires,Sección Primera,Luján,Luján,00596,ESCUELA EP N°12,0207100031X,https://resultados.gob.ar/elecciones/1/55166/1/-1/-1/Buenos-Aires/Secci%C3%B3n-Primera/Luj%C3%A1n/Luj%C3%A1n/00596/ESCUELA-EP-N%C2%B012/0207100031X
Buenos Aires,Sección Primera,Luján,Luján,00596,ESCUELA EP N°12,0207100032X,https://resultados.gob.ar/elecciones/1/55167/1/-1/-1/Buenos-Aires/Secci%C3%B3n-Primera/Luj%C3%A1n/Luj%C3%A1n/00596/ESCUELA-EP-N%C2%B012/0207100032X
Buenos Aires,Sección Primera,Luján,Luján,00596,ESCUELA EP N°12,0207100033X,https://resultados.gob.ar/elecciones/1/55168/1/-1/-1/Buenos-Aires/Secci%C3%B3n-Primera/Luj%C3%A1n/Luj%C3%A1n/00596/ESCUELA-EP-N%C2%B012/0207100033X
Buenos Aires,Sección Primera,Luján,Luján,00596,ESCUELA EP N°12,0207100034X,https://resultados.gob.ar/elecciones/1/55169/1/-1/-1/Buenos-Aires/Secci%C3%B3n-Primera/Luj%C3%A1n/Luj%C3%A1n/00596/ESCUELA-EP-N%C2%B012/0207100034X
Buenos Aires,Sección Primera,Luján,Luján,00596,ESCUELA EP N°14,0207100035X,https://resultados.gob.ar/elecciones/1/55170/1/-1/-1/Buenos-Aires/Secci%C3%B3n-Primera/Luj%C3%A1n/Luj%C3%A1n/00596/ESCUELA-EP-N%C2%B014/0207100035X
Buenos Aires,Sección Primera,Luján,Luján,00596,ESCUELA EP N°14,0207100036X,https://resultados.gob.ar/elecciones/1/55171/1/-1/-1/Buenos-Aires/Secci%C3%B3n-Primera/Luj%C3%A1n/Luj%C3%A1n/00596/ESCUELA-EP-N%C2%B014/0207100036X
Buenos Aires,Sección Primera,Luján,Luján,00596,ESCUELA EP N°14,0207100037X,https://resultados.gob.ar/elecciones/1/55172/1/-1/-1/Buenos-Aires/Secci%C3%B3n-Primera/Luj%C3%A1n/Luj%C3%A1n/00596/ESCUELA-EP-N%C2%B014/0207100037X
Buenos Aires,Sección Primera,Luján,Luján,00596,ESCUELA EP N°14,0207100038X,https://resultados.gob.ar/elecciones/1/55173/1/-1/-1/Buenos-Aires/Secci%C3%B3n-Primera/Luj%C3%A1n/Luj%C3%A1n/00596/ESCUELA-EP-N%C2%B014/0207100038X
Buenos Aires,Sección Primera,Luján,Luján,00596,ESCUELA EP N°14,0207100039X,https://resultados.gob.ar/elecciones/1/55174/1/-1/-1/Buenos-Aires/Secci%C3%B3n-Primera/Luj%C3%A1n/Luj%C3%A1n/00596/ESCUELA-EP-N%C2%B014/0207100039X
Buenos Aires,Sección Primera,Luján,Luján,00596,ESCUELA EP N°14,0207100040X,https://resultados.gob.ar/elecciones/1/55175/1/-1/-1/Buenos-Aires/Secci%C3%B3n-Primera/Luj%C3%A1n/Luj%C3%A1n/00596/ESCUELA-EP-N%C2%B014/0207100040X
Buenos Aires,Sección Primera,Luján,Luján,00596,ESCUELA EP N°14,0207100041X,https://resultados.gob.ar/elecciones/1/55176/1/-1/-1/Buenos-Aires/Secci%C3%B3n-Primera/Luj%C3%A1n/Luj%C3%A1n/00596/ESCUELA-EP-N%C2%B014/0207100041X
Buenos Aires,Sección Primera,Luján,Luján,00596,ESCUELA EP N°14,0207100042X,https://resultados.gob.ar/elecciones/1/55177/1/-1/-1/Buenos-Aires/Secci%C3%B3n-Primera/Luj%C3%A1n/Luj%C3%A1n/00596/ESCUELA-EP-N%C2%B014/0207100042X
Buenos Aires,Sección Primera,Luján,Luján,00596,ESCUELA EP N°15/ES N°10,0207100001X,https://resultados.gob.ar/elecciones/1/55136/1/-1/-1/Buenos-Aires/Secci%C3%B3n-Primera/Luj%C3%A1n/Luj%C3%A1n/00596/ESCUELA-EP-N%C2%B015%2FES-N%C2%B010/0207100001X
Buenos Aires,Sección Primera,Luján,Luján,00596,ESCUELA EP N°15/ES N°10,0207100002X,https://resultados.gob.ar/elecciones/1/55137/1/-1/-1/Buenos-Aires/Secci%C3%B3n-Primera/Luj%C3%A1n/Luj%C3%A1n/00596/ESCUELA-EP-N%C2%B015%2FES-N%C2%B010/0207100002X
Buenos Aires,Sección Primera,Luján,Luján,00596,ESCUELA EP N°15/ES N°10,0207100003X,https://resultados.gob.ar/elecciones/1/55138/1/-1/-1/Buenos-Aires/Secci%C3%B3n-Primera/Luj%C3%A1n/Luj%C3%A1n/00596/ESCUELA-EP-N%C2%B015%2FES-N%C2%B010/0207100003X
Buenos Aires,Sección Primera,Luján,Luján,00596,ESCUELA EP N°15/ES N°10,0207100004X,https://resultados.gob.ar/elecciones/1/55139/1/-1/-1/Buenos-Aires/Secci%C3%B3n-Primera/Luj%C3%A1n/Luj%C3%A1n/00596/ESCUELA-EP-N%C2%B015%2FES-N%C2%B010/0207100004X
Buenos Aires,Sección Primera,Luján,Luján,00596,ESCUELA EP N°15/ES N°10,0207100005X,https://resultados.gob.ar/elecciones/1/55140/1/-1/-1/Buenos-Aires/Secci%C3%B3n-Primera/Luj%C3%A1n/Luj%C3%A1n/00596/ESCUELA-EP-N%C2%B015%2FES-N%C2%B010/0207100005X
Buenos Aires,Sección Primera,Luján,Luján,00596,ESCUELA EP N°15/ES N°10,0207100006X,https://resultados.gob.ar/elecciones/1/55141/1/-1/-1/Buenos-Aires/Secci%C3%B3n-Primera/Luj%C3%A1n/Luj%C3%A1n/00596/ESCUELA-EP-N%C2%B015%2FES-N%C2%B010/0207100006X
Buenos Aires,Sección Primera,Luján,Luján,00596,ESCUELA EP N°15/ES N°10,0207100007X,https://resultados.gob.ar/elecciones/1/55142/1/-1/-1/Buenos-Aires/Secci%C3%B3n-Primera/Luj%C3%A1n/Luj%C3%A1n/00596/ESCUELA-EP-N%C2%B015%2FES-N%C2%B010/0207100007X
Buenos Aires,Sección Primera,Luján,Luján,00596,ESCUELA EP N°15/ES N°10,0207100008X,https://resultados.gob.ar/elecciones/1/55143/1/-1/-1/Buenos-Aires/Secci%C3%B3n-Primera/Luj%C3%A1n/Luj%C3%A1n/00596/ESCUELA-EP-N%C2%B015%2FES-N%C2%B010/0207100008X
Buenos Aires,Sección Primera,Luján,Luján,00596,ESCUELA EP N°15/ES N°10,0207100009X,https://resultados.gob.ar/elecciones/1/55144/1/-1/-1/Buenos-Aires/Secci%C3%B3n-Primera/Luj%C3%A1n/Luj%C3%A1n/00596/ESCUELA-EP-N%C2%B015%2FES-N%C2%B010/0207100009X
Buenos Aires,Sección Primera,Luján,Luján,00596,ESCUELA EP N°19/ES N°18,0207100077X,https://resultados.gob.ar/elecciones/1/55212/1/-1/-1/Buenos-Aires/Secci%C3%B3n-Primera/Luj%C3%A1n/Luj%C3%A1n/00596/ESCUELA-EP-N%C2%B019%2FES-N%C2%B018/0207100077X
Buenos Aires,Sección Primera,Luján,Luján,00596,ESCUELA EP N°19/ES N°18,0207100078X,https://resultados.gob.ar/elecciones/1/55213/1/-1/-1/Buenos-Aires/Secci%C3%B3n-Primera/Luj%C3%A1n/Luj%C3%A1n/00596/ESCUELA-EP-N%C2%B019%2FES-N%C2%B018/0207100078X
Buenos Aires,Sección Primera,Luján,Luján,00596,ESCUELA EP N°19/ES N°18,0207100079X,https://resultados.gob.ar/elecciones/1/55214/1/-1/-1/Buenos-Aires/Secci%C3%B3n-Primera/Luj%C3%A1n/Luj%C3%A1n/00596/ESCUELA-EP-N%C2%B019%2FES-N%C2%B018/0207100079X
Buenos Aires,Sección Primera,Luján,Luján,00596,ESCUELA EP N°19/ES N°18,0207100080X,https://resultados.gob.ar/elecciones/1/55215/1/-1/-1/Buenos-Aires/Secci%C3%B3n-Primera/Luj%C3%A1n/Luj%C3%A1n/00596/ESCUELA-EP-N%C2%B019%2FES-N%C2%B018/0207100080X
Buenos Aires,Sección Primera,Luján,Luján,00596,ESCUELA EP N°19/ES N°18,0207100081X,https://resultados.gob.ar/elecciones/1/55216/1/-1/-1/Buenos-Aires/Secci%C3%B3n-Primera/Luj%C3%A1n/Luj%C3%A1n/00596/ESCUELA-EP-N%C2%B019%2FES-N%C2%B018/0207100081X
Buenos Aires,Sección Primera,Luján,Luján,00596,ESCUELA EP N°19/ES N°18,0207100082X,https://resultados.gob.ar/elecciones/1/55217/1/-1/-1/Buenos-Aires/Secci%C3%B3n-Primera/Luj%C3%A1n/Luj%C3%A1n/00596/ESCUELA-EP-N%C2%B019%2FES-N%C2%B018/0207100082X
Buenos Aires,Sección Primera,Luján,Luján,00596,ESCUELA EP N°2,0207100116X,https://resultados.gob.ar/elecciones/1/55251/1/-1/-1/Buenos-Aires/Secci%C3%B3n-Primera/Luj%C3%A1n/Luj%C3%A1n/00596/ESCUELA-EP-N%C2%B02/0207100116X
Buenos Aires,Sección Primera,Luján,Luján,00596,ESCUELA EP N°2,0207100117X,https://resultados.gob.ar/elecciones/1/55252/1/-1/-1/Buenos-Aires/Secci%C3%B3n-Primera/Luj%C3%A1n/Luj%C3%A1n/00596/ESCUELA-EP-N%C2%B02/0207100117X
Buenos Aires,Sección Primera,Luján,Luján,00596,ESCUELA EP N°2,0207100118X,https://resultados.gob.ar/elecciones/1/55253/1/-1/-1/Buenos-Aires/Secci%C3%B3n-Primera/Luj%C3%A1n/Luj%C3%A1n/00596/ESCUELA-EP-N%C2%B02/0207100118X
Buenos Aires,Sección Primera,Luján,Luján,00596,ESCUELA EP N°2,0207100119X,https://resultados.gob.ar/elecciones/1/55254/1/-1/-1/Buenos-Aires/Secci%C3%B3n-Primera/Luj%C3%A1n/Luj%C3%A1n/00596/ESCUELA-EP-N%C2%B02/0207100119X
Buenos Aires,Sección Primera,Luján,Luján,00596,ESCUELA EP N°2,0207100120X,https://resultados.gob.ar/elecciones/1/55255/1/-1/-1/Buenos-Aires/Secci%C3%B3n-Primera/Luj%C3%A1n/Luj%C3%A1n/00596/ESCUELA-EP-N%C2%B02/0207100120X
Buenos Aires,Sección Primera,Luján,Luján,00596,ESCUELA EP N°2,0207100121X,https://resultados.gob.ar/elecciones/1/55256/1/-1/-1/Buenos-Aires/Secci%C3%B3n-Primera/Luj%C3%A1n/Luj%C3%A1n/00596/ESCUELA-EP-N%C2%B02/0207100121X
Buenos Aires,Sección Primera,Luján,Luján,00596,ESCUELA EP N°2,0207100122X,https://resultados.gob.ar/elecciones/1/55257/1/-1/-1/Buenos-Aires/Secci%C3%B3n-Primera/Luj%C3%A1n/Luj%C3%A1n/00596/ESCUELA-EP-N%C2%B02/0207100122X
Buenos Aires,Sección Primera,Luján,Luján,00596,ESCUELA EP N°2,0207100123X,https://resultados.gob.ar/elecciones/1/55258/1/-1/-1/Buenos-Aires/Secci%C3%B3n-Primera/Luj%C3%A1n/Luj%C3%A1n/00596/ESCUELA-EP-N%C2%B02/0207100123X
Buenos Aires,Sección Primera,Luján,Luján,00596,ESCUELA EP N°2,0207100124X,https://resultados.gob.ar/elecciones/1/55259/1/-1/-1/Buenos-Aires/Secci%C3%B3n-Primera/Luj%C3%A1n/Luj%C3%A1n/00596/ESCUELA-EP-N%C2%B02/0207100124X
Buenos Aires,Sección Primera,Luján,Luján,00596,ESCUELA EP N°21,0207100134X,https://resultados.gob.ar/elecciones/1/55269/1/-1/-1/Buenos-Aires/Secci%C3%B3n-Primera/Luj%C3%A1n/Luj%C3%A1n/00596/ESCUELA-EP-N%C2%B021/0207100134X
Buenos Aires,Sección Primera,Luján,Luján,00596,ESCUELA EP N°21,0207100135X,https://resultados.gob.ar/elecciones/1/55270/1/-1/-1/Buenos-Aires/Secci%C3%B3n-Primera/Luj%C3%A1n/Luj%C3%A1n/00596/ESCUELA-EP-N%C2%B021/0207100135X
Buenos Aires,Sección Primera,Luján,Luján,00596,ESCUELA EP N°21,0207100136X,https://resultados.gob.ar/elecciones/1/55271/1/-1/-1/Buenos-Aires/Secci%C3%B3n-Primera/Luj%C3%A1n/Luj%C3%A1n/00596/ESCUELA-EP-N%C2%B021/0207100136X
Buenos Aires,Sección Primera,Luján,Luján,00596,ESCUELA EP N°21,0207100137X,https://resultados.gob.ar/elecciones/1/55272/1/-1/-1/Buenos-Aires/Secci%C3%B3n-Primera/Luj%C3%A1n/Luj%C3%A1n/00596/ESCUELA-EP-N%C2%B021/0207100137X
Buenos Aires,Sección Primera,Luján,Luján,00596,ESCUELA EP N°21,0207100138X,https://resultados.gob.ar/elecciones/1/55273/1/-1/-1/Buenos-Aires/Secci%C3%B3n-Primera/Luj%C3%A1n/Luj%C3%A1n/00596/ESCUELA-EP-N%C2%B021/0207100138X
Buenos Aires,Sección Primera,Luján,Luján,00596,ESCUELA EP N°21,0207100139X,https://resultados.gob.ar/elecciones/1/55274/1/-1/-1/Buenos-Aires/Secci%C3%B3n-Primera/Luj%C3%A1n/Luj%C3%A1n/00596/ESCUELA-EP-N%C2%B021/0207100139X
Buenos Aires,Sección Primera,Luján,Luján,00596,ESCUELA EP N°28,0207100109X,https://resultados.gob.ar/elecciones/1/55244/1/-1/-1/Buenos-Aires/Secci%C3%B3n-Primera/Luj%C3%A1n/Luj%C3%A1n/00596/ESCUELA-EP-N%C2%B028/0207100109X
Buenos Aires,Sección Primera,Luján,Luján,00596,ESCUELA EP N°28,0207100110X,https://resultados.gob.ar/elecciones/1/55245/1/-1/-1/Buenos-Aires/Secci%C3%B3n-Primera/Luj%C3%A1n/Luj%C3%A1n/00596/ESCUELA-EP-N%C2%B028/0207100110X
Buenos Aires,Sección Primera,Luján,Luján,00596,ESCUELA EP N°28,0207100111X,https://resultados.gob.ar/elecciones/1/55246/1/-1/-1/Buenos-Aires/Secci%C3%B3n-Primera/Luj%C3%A1n/Luj%C3%A1n/00596/ESCUELA-EP-N%C2%B028/0207100111X
Buenos Aires,Sección Primera,Luján,Luján,00596,ESCUELA EP N°28,0207100112X,https://resultados.gob.ar/elecciones/1/55247/1/-1/-1/Buenos-Aires/Secci%C3%B3n-Primera/Luj%C3%A1n/Luj%C3%A1n/00596/ESCUELA-EP-N%C2%B028/0207100112X
Buenos Aires,Sección Primera,Luján,Luján,00596,ESCUELA EP N°28,0207100113X,https://resultados.gob.ar/elecciones/1/55248/1/-1/-1/Buenos-Aires/Secci%C3%B3n-Primera/Luj%C3%A1n/Luj%C3%A1n/00596/ESCUELA-EP-N%C2%B028/0207100113X
Buenos Aires,Sección Primera,Luján,Luján,00596,ESCUELA EP N°28,0207100114X,https://resultados.gob.ar/elecciones/1/55249/1/-1/-1/Buenos-Aires/Secci%C3%B3n-Primera/Luj%C3%A1n/Luj%C3%A1n/00596/ESCUELA-EP-N%C2%B028/0207100114X
Buenos Aires,Sección Primera,Luján,Luján,00596,ESCUELA EP N°28,0207100115X,https://resultados.gob.ar/elecciones/1/55250/1/-1/-1/Buenos-Aires/Secci%C3%B3n-Primera/Luj%C3%A1n/Luj%C3%A1n/00596/ESCUELA-EP-N%C2%B028/0207100115X
Buenos Aires,Sección Primera,Luján,Luján,00596,ESCUELA EP N°29,0207100105X,https://resultados.gob.ar/elecciones/1/55240/1/-1/-1/Buenos-Aires/Secci%C3%B3n-Primera/Luj%C3%A1n/Luj%C3%A1n/00596/ESCUELA-EP-N%C2%B029/0207100105X
Buenos Aires,Sección Primera,Luján,Luján,00596,ESCUELA EP N°29,0207100106X,https://resultados.gob.ar/elecciones/1/55241/1/-1/-1/Buenos-Aires/Secci%C3%B3n-Primera/Luj%C3%A1n/Luj%C3%A1n/00596/ESCUELA-EP-N%C2%B029/0207100106X
Buenos Aires,Sección Primera,Luján,Luján,00596,ESCUELA EP N°29,0207100107X,https://resultados.gob.ar/elecciones/1/55242/1/-1/-1/Buenos-Aires/Secci%C3%B3n-Primera/Luj%C3%A1n/Luj%C3%A1n/00596/ESCUELA-EP-N%C2%B029/0207100107X
Buenos Aires,Sección Primera,Luján,Luján,00596,ESCUELA EP N°29,0207100108X,https://resultados.gob.ar/elecciones/1/55243/1/-1/-1/Buenos-Aires/Secci%C3%B3n-Primera/Luj%C3%A1n/Luj%C3%A1n/00596/ESCUELA-EP-N%C2%B029/0207100108X
Buenos Aires,Sección Primera,Luján,Luján,00596,ESCUELA EP N°31/ ES N°11,0207100179X,https://resultados.gob.ar/elecciones/1/55314/1/-1/-1/Buenos-Aires/Secci%C3%B3n-Primera/Luj%C3%A1n/Luj%C3%A1n/00596/ESCUELA-EP-N%C2%B031%2F-ES-N%C2%B011/0207100179X
Buenos Aires,Sección Primera,Luján,Luján,00596,ESCUELA EP N°31/ ES N°11,0207100180X,https://resultados.gob.ar/elecciones/1/55315/1/-1/-1/Buenos-Aires/Secci%C3%B3n-Primera/Luj%C3%A1n/Luj%C3%A1n/00596/ESCUELA-EP-N%C2%B031%2F-ES-N%C2%B011/0207100180X
Buenos Aires,Sección Primera,Luján,Luján,00596,ESCUELA EP N°31/ ES N°11,0207100181X,https://resultados.gob.ar/elecciones/1/55316/1/-1/-1/Buenos-Aires/Secci%C3%B3n-Primera/Luj%C3%A1n/Luj%C3%A1n/00596/ESCUELA-EP-N%C2%B031%2F-ES-N%C2%B011/0207100181X
Buenos Aires,Sección Primera,Luján,Luján,00596,ESCUELA EP N°31/ ES N°11,0207100182X,https://resultados.gob.ar/elecciones/1/55317/1/-1/-1/Buenos-Aires/Secci%C3%B3n-Primera/Luj%C3%A1n/Luj%C3%A1n/00596/ESCUELA-EP-N%C2%B031%2F-ES-N%C2%B011/0207100182X
Buenos Aires,Sección Primera,Luján,Luján,00596,ESCUELA EP N°31/ ES N°11,0207100183X,https://resultados.gob.ar/elecciones/1/55318/1/-1/-1/Buenos-Aires/Secci%C3%B3n-Primera/Luj%C3%A1n/Luj%C3%A1n/00596/ESCUELA-EP-N%C2%B031%2F-ES-N%C2%B011/0207100183X
Buenos Aires,Sección Primera,Luján,Luján,00596,ESCUELA EP N°31/ ES N°11,0207100184X,https://resultados.gob.ar/elecciones/1/55319/1/-1/-1/Buenos-Aires/Secci%C3%B3n-Primera/Luj%C3%A1n/Luj%C3%A1n/00596/ESCUELA-EP-N%C2%B031%2F-ES-N%C2%B011/0207100184X
Buenos Aires,Sección Primera,Luján,Luján,00596,ESCUELA EP N°31/ ES N°11,0207100185X,https://resultados.gob.ar/elecciones/1/55320/1/-1/-1/Buenos-Aires/Secci%C3%B3n-Primera/Luj%C3%A1n/Luj%C3%A1n/00596/ESCUELA-EP-N%C2%B031%2F-ES-N%C2%B011/0207100185X
Buenos Aires,Sección Primera,Luján,Luján,00596,ESCUELA EP N°31/ ES N°11,0207100186X,https://resultados.gob.ar/elecciones/1/55321/1/-1/-1/Buenos-Aires/Secci%C3%B3n-Primera/Luj%C3%A1n/Luj%C3%A1n/00596/ESCUELA-EP-N%C2%B031%2F-ES-N%C2%B011/0207100186X
Buenos Aires,Sección Primera,Luján,Luján,00596,ESCUELA EP N°34,0207100059X,https://resultados.gob.ar/elecciones/1/55194/1/-1/-1/Buenos-Aires/Secci%C3%B3n-Primera/Luj%C3%A1n/Luj%C3%A1n/00596/ESCUELA-EP-N%C2%B034/0207100059X
Buenos Aires,Sección Primera,Luján,Luján,00596,ESCUELA EP N°34,0207100060X,https://resultados.gob.ar/elecciones/1/55195/1/-1/-1/Buenos-Aires/Secci%C3%B3n-Primera/Luj%C3%A1n/Luj%C3%A1n/00596/ESCUELA-EP-N%C2%B034/0207100060X
Buenos Aires,Sección Primera,Luján,Luján,00596,ESCUELA EP N°34,0207100061X,https://resultados.gob.ar/elecciones/1/55196/1/-1/-1/Buenos-Aires/Secci%C3%B3n-Primera/Luj%C3%A1n/Luj%C3%A1n/00596/ESCUELA-EP-N%C2%B034/0207100061X
Buenos Aires,Sección Primera,Luján,Luján,00596,ESCUELA EP N°34,0207100062X,https://resultados.gob.ar/elecciones/1/55197/1/-1/-1/Buenos-Aires/Secci%C3%B3n-Primera/Luj%C3%A1n/Luj%C3%A1n/00596/ESCUELA-EP-N%C2%B034/0207100062X
Buenos Aires,Sección Primera,Luján,Luján,00596,ESCUELA EP N°34,0207100063X,https://resultados.gob.ar/elecciones/1/55198/1/-1/-1/Buenos-Aires/Secci%C3%B3n-Primera/Luj%C3%A1n/Luj%C3%A1n/00596/ESCUELA-EP-N%C2%B034/0207100063X
Buenos Aires,Sección Primera,Luján,Luján,00596,ESCUELA EP N°34,0207100064X,https://resultados.gob.ar/elecciones/1/55199/1/-1/-1/Buenos-Aires/Secci%C3%B3n-Primera/Luj%C3%A1n/Luj%C3%A1n/00596/ESCUELA-EP-N%C2%B034/0207100064X
Buenos Aires,Sección Primera,Luján,Luján,00596,ESCUELA EP N°34,0207100065X,https://resultados.gob.ar/elecciones/1/55200/1/-1/-1/Buenos-Aires/Secci%C3%B3n-Primera/Luj%C3%A1n/Luj%C3%A1n/00596/ESCUELA-EP-N%C2%B034/0207100065X
Buenos Aires,Sección Primera,Luján,Luján,00596,ESCUELA EP N°7,0207100201X,https://resultados.gob.ar/elecciones/1/55336/1/-1/-1/Buenos-Aires/Secci%C3%B3n-Primera/Luj%C3%A1n/Luj%C3%A1n/00596/ESCUELA-EP-N%C2%B07/0207100201X
Buenos Aires,Sección Primera,Luján,Luján,00596,ESCUELA EP N°7,0207100202X,https://resultados.gob.ar/elecciones/1/55337/1/-1/-1/Buenos-Aires/Secci%C3%B3n-Primera/Luj%C3%A1n/Luj%C3%A1n/00596/ESCUELA-EP-N%C2%B07/0207100202X
Buenos Aires,Sección Primera,Luján,Luján,00596,ESCUELA EP N°7,0207100203X,https://resultados.gob.ar/elecciones/1/55338/1/-1/-1/Buenos-Aires/Secci%C3%B3n-Primera/Luj%C3%A1n/Luj%C3%A1n/00596/ESCUELA-EP-N%C2%B07/0207100203X
Buenos Aires,Sección Primera,Luján,Luján,00596,ESCUELA EP N°7,0207100204X,https://resultados.gob.ar/elecciones/1/55339/1/-1/-1/Buenos-Aires/Secci%C3%B3n-Primera/Luj%C3%A1n/Luj%C3%A1n/00596/ESCUELA-EP-N%C2%B07/0207100204X
Buenos Aires,Sección Primera,Luján,Luján,00596,ESCUELA EP N°7,0207100205X,https://resultados.gob.ar/elecciones/1/55340/1/-1/-1/Buenos-Aires/Secci%C3%B3n-Primera/Luj%C3%A1n/Luj%C3%A1n/00596/ESCUELA-EP-N%C2%B07/0207100205X
Buenos Aires,Sección Primera,Luján,Luján,00596,ESCUELA EP N°7,0207100206X,https://resultados.gob.ar/elecciones/1/55341/1/-1/-1/Buenos-Aires/Secci%C3%B3n-Primera/Luj%C3%A1n/Luj%C3%A1n/00596/ESCUELA-EP-N%C2%B07/0207100206X
Buenos Aires,Sección Primera,Luján,Luján,00596,ESCUELA EP N°7,0207100207X,https://resultados.gob.ar/elecciones/1/55342/1/-1/-1/Buenos-Aires/Secci%C3%B3n-Primera/Luj%C3%A1n/Luj%C3%A1n/00596/ESCUELA-EP-N%C2%B07/0207100207X
Buenos Aires,Sección Primera,Luján,Luján,00596,ESCUELA ES N°1,0207100074X,https://resultados.gob.ar/elecciones/1/55209/1/-1/-1/Buenos-Aires/Secci%C3%B3n-Primera/Luj%C3%A1n/Luj%C3%A1n/00596/ESCUELA-ES-N%C2%B01/0207100074X
Buenos Aires,Sección Primera,Luján,Luján,00596,ESCUELA ES N°1,0207100075X,https://resultados.gob.ar/elecciones/1/55210/1/-1/-1/Buenos-Aires/Secci%C3%B3n-Primera/Luj%C3%A1n/Luj%C3%A1n/00596/ESCUELA-ES-N%C2%B01/0207100075X
Buenos Aires,Sección Primera,Luján,Luján,00596,ESCUELA ES N°1,0207100076X,https://resultados.gob.ar/elecciones/1/55211/1/-1/-1/Buenos-Aires/Secci%C3%B3n-Primera/Luj%C3%A1n/Luj%C3%A1n/00596/ESCUELA-ES-N%C2%B01/0207100076X
Buenos Aires,Sección Primera,Luján,Luján,00596,ESCUELA ES N°17,0207100140X,https://resultados.gob.ar/elecciones/1/55275/1/-1/-1/Buenos-Aires/Secci%C3%B3n-Primera/Luj%C3%A1n/Luj%C3%A1n/00596/ESCUELA-ES-N%C2%B017/0207100140X
Buenos Aires,Sección Primera,Luján,Luján,00596,ESCUELA ES N°17,0207100141X,https://resultados.gob.ar/elecciones/1/55276/1/-1/-1/Buenos-Aires/Secci%C3%B3n-Primera/Luj%C3%A1n/Luj%C3%A1n/00596/ESCUELA-ES-N%C2%B017/0207100141X
Buenos Aires,Sección Primera,Luján,Luján,00596,ESCUELA ES N°17,0207100142X,https://resultados.gob.ar/elecciones/1/55277/1/-1/-1/Buenos-Aires/Secci%C3%B3n-Primera/Luj%C3%A1n/Luj%C3%A1n/00596/ESCUELA-ES-N%C2%B017/0207100142X
Buenos Aires,Sección Primera,Luján,Luján,00596,ESCUELA ES N°17,0207100143X,https://resultados.gob.ar/elecciones/1/55278/1/-1/-1/Buenos-Aires/Secci%C3%B3n-Primera/Luj%C3%A1n/Luj%C3%A1n/00596/ESCUELA-ES-N%C2%B017/0207100143X
Buenos Aires,Sección Primera,Luján,Luján,00596,ESCUELA ES N°17,0207100144X,https://resultados.gob.ar/elecciones/1/55279/1/-1/-1/Buenos-Aires/Secci%C3%B3n-Primera/Luj%C3%A1n/Luj%C3%A1n/00596/ESCUELA-ES-N%C2%B017/0207100144X
Buenos Aires,Sección Primera,Luján,Luján,00596,ESCUELA ES N°17,0207100145X,https://resultados.gob.ar/elecciones/1/55280/1/-1/-1/Buenos-Aires/Secci%C3%B3n-Primera/Luj%C3%A1n/Luj%C3%A1n/00596/ESCUELA-ES-N%C2%B017/0207100145X
Buenos Aires,Sección Primera,Luján,Luján,00596,ESCUELA ES N°5,0207100083X,https://resultados.gob.ar/elecciones/1/55218/1/-1/-1/Buenos-Aires/Secci%C3%B3n-Primera/Luj%C3%A1n/Luj%C3%A1n/00596/ESCUELA-ES-N%C2%B05/0207100083X
Buenos Aires,Sección Primera,Luján,Luján,00596,ESCUELA ES N°5,0207100084X,https://resultados.gob.ar/elecciones/1/55219/1/-1/-1/Buenos-Aires/Secci%C3%B3n-Primera/Luj%C3%A1n/Luj%C3%A1n/00596/ESCUELA-ES-N%C2%B05/0207100084X
Buenos Aires,Sección Primera,Luján,Luján,00596,ESCUELA ES N°5,0207100085X,https://resultados.gob.ar/elecciones/1/55220/1/-1/-1/Buenos-Aires/Secci%C3%B3n-Primera/Luj%C3%A1n/Luj%C3%A1n/00596/ESCUELA-ES-N%C2%B05/0207100085X
Buenos Aires,Sección Primera,Luján,Luján,00596,ESCUELA ES N°5,0207100086X,https://resultados.gob.ar/elecciones/1/55221/1/-1/-1/Buenos-Aires/Secci%C3%B3n-Primera/Luj%C3%A1n/Luj%C3%A1n/00596/ESCUELA-ES-N%C2%B05/0207100086X
Buenos Aires,Sección Primera,Luján,Luján,00596,ESCUELA ES N°5,0207100087X,https://resultados.gob.ar/elecciones/1/55222/1/-1/-1/Buenos-Aires/Secci%C3%B3n-Primera/Luj%C3%A1n/Luj%C3%A1n/00596/ESCUELA-ES-N%C2%B05/0207100087X
Buenos Aires,Sección Primera,Luján,Luján,00596,ESCUELA ES N°5,0207100088X,https://resultados.gob.ar/elecciones/1/55223/1/-1/-1/Buenos-Aires/Secci%C3%B3n-Primera/Luj%C3%A1n/Luj%C3%A1n/00596/ESCUELA-ES-N%C2%B05/0207100088X
Buenos Aires,Sección Primera,Luján,Luján,00596,ESCUELA ES N°7,0207100125X,https://resultados.gob.ar/elecciones/1/55260/1/-1/-1/Buenos-Aires/Secci%C3%B3n-Primera/Luj%C3%A1n/Luj%C3%A1n/00596/ESCUELA-ES-N%C2%B07/0207100125X
Buenos Aires,Sección Primera,Luján,Luján,00596,ESCUELA ES N°7,0207100126X,https://resultados.gob.ar/elecciones/1/55261/1/-1/-1/Buenos-Aires/Secci%C3%B3n-Primera/Luj%C3%A1n/Luj%C3%A1n/00596/ESCUELA-ES-N%C2%B07/0207100126X
Buenos Aires,Sección Primera,Luján,Luján,00596,ESCUELA ES N°7,0207100127X,https://resultados.gob.ar/elecciones/1/55262/1/-1/-1/Buenos-Aires/Secci%C3%B3n-Primera/Luj%C3%A1n/Luj%C3%A1n/00596/ESCUELA-ES-N%C2%B07/0207100127X
Buenos Aires,Sección Primera,Luján,Luján,00596,ESCUELA ES N°7,0207100128X,https://resultados.gob.ar/elecciones/1/55263/1/-1/-1/Buenos-Aires/Secci%C3%B3n-Primera/Luj%C3%A1n/Luj%C3%A1n/00596/ESCUELA-ES-N%C2%B07/0207100128X
Buenos Aires,Sección Primera,Luján,Luján,00596,ESCUELA ES N°7,0207100129X,https://resultados.gob.ar/elecciones/1/55264/1/-1/-1/Buenos-Aires/Secci%C3%B3n-Primera/Luj%C3%A1n/Luj%C3%A1n/00596/ESCUELA-ES-N%C2%B07/0207100129X
Buenos Aires,Sección Primera,Luján,Luján,00596,ESCUELA ES N°7,0207100130X,https://resultados.gob.ar/elecciones/1/55265/1/-1/-1/Buenos-Aires/Secci%C3%B3n-Primera/Luj%C3%A1n/Luj%C3%A1n/00596/ESCUELA-ES-N%C2%B07/0207100130X
Buenos Aires,Sección Primera,Luján,Luján,00596,ESCUELA ES N°7,0207100131X,https://resultados.gob.ar/elecciones/1/55266/1/-1/-1/Buenos-Aires/Secci%C3%B3n-Primera/Luj%C3%A1n/Luj%C3%A1n/00596/ESCUELA-ES-N%C2%B07/0207100131X
Buenos Aires,Sección Primera,Luján,Luján,00596,ESCUELA ES N°7,0207100132X,https://resultados.gob.ar/elecciones/1/55267/1/-1/-1/Buenos-Aires/Secci%C3%B3n-Primera/Luj%C3%A1n/Luj%C3%A1n/00596/ESCUELA-ES-N%C2%B07/0207100132X
Buenos Aires,Sección Primera,Luján,Luján,00596,ESCUELA ES N°7,0207100133X,https://resultados.gob.ar/elecciones/1/55268/1/-1/-1/Buenos-Aires/Secci%C3%B3n-Primera/Luj%C3%A1n/Luj%C3%A1n/00596/ESCUELA-ES-N%C2%B07/0207100133X
Buenos Aires,Sección Primera,Luján,Luján,00596,ESCUELA ES N°9/EP N°33,0207100051X,https://resultados.gob.ar/elecciones/1/55186/1/-1/-1/Buenos-Aires/Secci%C3%B3n-Primera/Luj%C3%A1n/Luj%C3%A1n/00596/ESCUELA-ES-N%C2%B09%2FEP-N%C2%B033/0207100051X
Buenos Aires,Sección Primera,Luján,Luján,00596,ESCUELA ES N°9/EP N°33,0207100052X,https://resultados.gob.ar/elecciones/1/55187/1/-1/-1/Buenos-Aires/Secci%C3%B3n-Primera/Luj%C3%A1n/Luj%C3%A1n/00596/ESCUELA-ES-N%C2%B09%2FEP-N%C2%B033/0207100052X
Buenos Aires,Sección Primera,Luján,Luján,00596,ESCUELA ES N°9/EP N°33,0207100053X,https://resultados.gob.ar/elecciones/1/55188/1/-1/-1/Buenos-Aires/Secci%C3%B3n-Primera/Luj%C3%A1n/Luj%C3%A1n/00596/ESCUELA-ES-N%C2%B09%2FEP-N%C2%B033/0207100053X
Buenos Aires,Sección Primera,Luján,Luján,00596,ESCUELA ES N°9/EP N°33,0207100054X,https://resultados.gob.ar/elecciones/1/55189/1/-1/-1/Buenos-Aires/Secci%C3%B3n-Primera/Luj%C3%A1n/Luj%C3%A1n/00596/ESCUELA-ES-N%C2%B09%2FEP-N%C2%B033/0207100054X
Buenos Aires,Sección Primera,Luján,Luján,00596,ESCUELA ES N°9/EP N°33,0207100055X,https://resultados.gob.ar/elecciones/1/55190/1/-1/-1/Buenos-Aires/Secci%C3%B3n-Primera/Luj%C3%A1n/Luj%C3%A1n/00596/ESCUELA-ES-N%C2%B09%2FEP-N%C2%B033/0207100055X
Buenos Aires,Sección Primera,Luján,Luján,00596,ESCUELA ES N°9/EP N°33,0207100056X,https://resultados.gob.ar/elecciones/1/55191/1/-1/-1/Buenos-Aires/Secci%C3%B3n-Primera/Luj%C3%A1n/Luj%C3%A1n/00596/ESCUELA-ES-N%C2%B09%2FEP-N%C2%B033/0207100056X
Buenos Aires,Sección Primera,Luján,Luján,00596,ESCUELA ES N°9/EP N°33,0207100057X,https://resultados.gob.ar/elecciones/1/55192/1/-1/-1/Buenos-Aires/Secci%C3%B3n-Primera/Luj%C3%A1n/Luj%C3%A1n/00596/ESCUELA-ES-N%C2%B09%2FEP-N%C2%B033/0207100057X
Buenos Aires,Sección Primera,Luján,Luján,00596,ESCUELA ES N°9/EP N°33,0207100058X,https://resultados.gob.ar/elecciones/1/55193/1/-1/-1/Buenos-Aires/Secci%C3%B3n-Primera/Luj%C3%A1n/Luj%C3%A1n/00596/ESCUELA-ES-N%C2%B09%2FEP-N%C2%B033/0207100058X
Buenos Aires,Sección Primera,Luján,Luján,00596,ESCUELA EST N°1,0207100043X,https://resultados.gob.ar/elecciones/1/55178/1/-1/-1/Buenos-Aires/Secci%C3%B3n-Primera/Luj%C3%A1n/Luj%C3%A1n/00596/ESCUELA-EST-N%C2%B01/0207100043X
Buenos Aires,Sección Primera,Luján,Luján,00596,ESCUELA EST N°1,0207100044X,https://resultados.gob.ar/elecciones/1/55179/1/-1/-1/Buenos-Aires/Secci%C3%B3n-Primera/Luj%C3%A1n/Luj%C3%A1n/00596/ESCUELA-EST-N%C2%B01/0207100044X
Buenos Aires,Sección Primera,Luján,Luján,00596,ESCUELA EST N°1,0207100045X,https://resultados.gob.ar/elecciones/1/55180/1/-1/-1/Buenos-Aires/Secci%C3%B3n-Primera/Luj%C3%A1n/Luj%C3%A1n/00596/ESCUELA-EST-N%C2%B01/0207100045X
Buenos Aires,Sección Primera,Luján,Luján,00596,ESCUELA EST N°1,0207100046X,https://resultados.gob.ar/elecciones/1/55181/1/-1/-1/Buenos-Aires/Secci%C3%B3n-Primera/Luj%C3%A1n/Luj%C3%A1n/00596/ESCUELA-EST-N%C2%B01/0207100046X
Buenos Aires,Sección Primera,Luján,Luján,00596,ESCUELA EST N°1,0207100047X,https://resultados.gob.ar/elecciones/1/55182/1/-1/-1/Buenos-Aires/Secci%C3%B3n-Primera/Luj%C3%A1n/Luj%C3%A1n/00596/ESCUELA-EST-N%C2%B01/0207100047X
Buenos Aires,Sección Primera,Luján,Luján,00596,ESCUELA EST N°1,0207100048X,https://resultados.gob.ar/elecciones/1/55183/1/-1/-1/Buenos-Aires/Secci%C3%B3n-Primera/Luj%C3%A1n/Luj%C3%A1n/00596/ESCUELA-EST-N%C2%B01/0207100048X
Buenos Aires,Sección Primera,Luján,Luján,00596,ESCUELA EST N°1,0207100049X,https://resultados.gob.ar/elecciones/1/55184/1/-1/-1/Buenos-Aires/Secci%C3%B3n-Primera/Luj%C3%A1n/Luj%C3%A1n/00596/ESCUELA-EST-N%C2%B01/0207100049X
Buenos Aires,Sección Primera,Luján,Luján,00596,ESCUELA EST N°1,0207100050X,https://resultados.gob.ar/elecciones/1/55185/1/-1/-1/Buenos-Aires/Secci%C3%B3n-Primera/Luj%C3%A1n/Luj%C3%A1n/00596/ESCUELA-EST-N%C2%B01/0207100050X
Buenos Aires,Sección Primera,Luján,Luján,00596,INSTITUTO MUNICIPAL EMILIO F. MIGNONE,0207100066X,https://resultados.gob.ar/elecciones/1/55201/1/-1/-1/Buenos-Aires/Secci%C3%B3n-Primera/Luj%C3%A1n/Luj%C3%A1n/00596/INSTITUTO-MUNICIPAL-EMILIO-F.-MIGNONE/0207100066X
Buenos Aires,Sección Primera,Luján,Luján,00596,INSTITUTO MUNICIPAL EMILIO F. MIGNONE,0207100067X,https://resultados.gob.ar/elecciones/1/55202/1/-1/-1/Buenos-Aires/Secci%C3%B3n-Primera/Luj%C3%A1n/Luj%C3%A1n/00596/INSTITUTO-MUNICIPAL-EMILIO-F.-MIGNONE/0207100067X
Buenos Aires,Sección Primera,Luján,Luján,00597,ESCUELA EP N°22,0207100208X,https://resultados.gob.ar/elecciones/1/55343/1/-1/-1/Buenos-Aires/Secci%C3%B3n-Primera/Luj%C3%A1n/Luj%C3%A1n/00597/ESCUELA-EP-N%C2%B022/0207100208X
Buenos Aires,Sección Primera,Luján,Luján,00597,ESCUELA EP N°22,0207100209X,https://resultados.gob.ar/elecciones/1/55344/1/-1/-1/Buenos-Aires/Secci%C3%B3n-Primera/Luj%C3%A1n/Luj%C3%A1n/00597/ESCUELA-EP-N%C2%B022/0207100209X
Buenos Aires,Sección Primera,Luján,Luján,00597,ESCUELA EP N°22,0207100210X,https://resultados.gob.ar/elecciones/1/55345/1/-1/-1/Buenos-Aires/Secci%C3%B3n-Primera/Luj%C3%A1n/Luj%C3%A1n/00597/ESCUELA-EP-N%C2%B022/0207100210X
Buenos Aires,Sección Primera,Luján,Luján,00598,COLEGIO SAN LUIS GONZAGA,0207100218X,https://resultados.gob.ar/elecciones/1/55353/1/-1/-1/Buenos-Aires/Secci%C3%B3n-Primera/Luj%C3%A1n/Luj%C3%A1n/00598/COLEGIO-SAN-LUIS-GONZAGA/0207100218X
Buenos Aires,Sección Primera,Luján,Luján,00598,COLEGIO SAN LUIS GONZAGA,0207100219X,https://resultados.gob.ar/elecciones/1/55354/1/-1/-1/Buenos-Aires/Secci%C3%B3n-Primera/Luj%C3%A1n/Luj%C3%A1n/00598/COLEGIO-SAN-LUIS-GONZAGA/0207100219X
Buenos Aires,Sección Primera,Luján,Luján,00598,COLEGIO SAN LUIS GONZAGA,0207100220X,https://resultados.gob.ar/elecciones/1/55355/1/-1/-1/Buenos-Aires/Secci%C3%B3n-Primera/Luj%C3%A1n/Luj%C3%A1n/00598/COLEGIO-SAN-LUIS-GONZAGA/0207100220X
Buenos Aires,Sección Primera,Luján,Luján,00598,COLEGIO SAN LUIS GONZAGA,0207100221X,https://resultados.gob.ar/elecciones/1/55356/1/-1/-1/Buenos-Aires/Secci%C3%B3n-Primera/Luj%C3%A1n/Luj%C3%A1n/00598/COLEGIO-SAN-LUIS-GONZAGA/0207100221X
Buenos Aires,Sección Primera,Luján,Luján,00598,COLEGIO SAN LUIS GONZAGA,0207100222X,https://resultados.gob.ar/elecciones/1/55357/1/-1/-1/Buenos-Aires/Secci%C3%B3n-Primera/Luj%C3%A1n/Luj%C3%A1n/00598/COLEGIO-SAN-LUIS-GONZAGA/0207100222X
Buenos Aires,Sección Primera,Luján,Luján,00598,ESCUELA EP N°16/ES N°14,0207100211X,https://resultados.gob.ar/elecciones/1/55346/1/-1/-1/Buenos-Aires/Secci%C3%B3n-Primera/Luj%C3%A1n/Luj%C3%A1n/00598/ESCUELA-EP-N%C2%B016%2FES-N%C2%B014/0207100211X
Buenos Aires,Sección Primera,Luján,Luján,00598,ESCUELA EP N°16/ES N°14,0207100212X,https://resultados.gob.ar/elecciones/1/55347/1/-1/-1/Buenos-Aires/Secci%C3%B3n-Primera/Luj%C3%A1n/Luj%C3%A1n/00598/ESCUELA-EP-N%C2%B016%2FES-N%C2%B014/0207100212X
Buenos Aires,Sección Primera,Luján,Luján,00598,ESCUELA EP N°16/ES N°14,0207100213X,https://resultados.gob.ar/elecciones/1/55348/1/-1/-1/Buenos-Aires/Secci%C3%B3n-Primera/Luj%C3%A1n/Luj%C3%A1n/00598/ESCUELA-EP-N%C2%B016%2FES-N%C2%B014/0207100213X
Buenos Aires,Sección Primera,Luján,Luján,00598,ESCUELA EP N°16/ES N°14,0207100214X,https://resultados.gob.ar/elecciones/1/55349/1/-1/-1/Buenos-Aires/Secci%C3%B3n-Primera/Luj%C3%A1n/Luj%C3%A1n/00598/ESCUELA-EP-N%C2%B016%2FES-N%C2%B014/0207100214X
Buenos Aires,Sección Primera,Luján,Luján,00598,ESCUELA EP N°16/ES N°14,0207100215X,https://resultados.gob.ar/elecciones/1/55350/1/-1/-1/Buenos-Aires/Secci%C3%B3n-Primera/Luj%C3%A1n/Luj%C3%A1n/00598/ESCUELA-EP-N%C2%B016%2FES-N%C2%B014/0207100215X
Buenos Aires,Sección Primera,Luján,Luján,00598,ESCUELA EP N°16/ES N°14,0207100216X,https://resultados.gob.ar/elecciones/1/55351/1/-1/-1/Buenos-Aires/Secci%C3%B3n-Primera/Luj%C3%A1n/Luj%C3%A1n/00598/ESCUELA-EP-N%C2%B016%2FES-N%C2%B014/0207100216X
Buenos Aires,Sección Primera,Luján,Luján,00598,ESCUELA EP N°16/ES N°14,0207100217X,https://resultados.gob.ar/elecciones/1/55352/1/-1/-1/Buenos-Aires/Secci%C3%B3n-Primera/Luj%C3%A1n/Luj%C3%A1n/00598/ESCUELA-EP-N%C2%B016%2FES-N%C2%B014/0207100217X
Buenos Aires,Sección Primera,Luján,Luján,00599,ESCUELA EP N°24,0207100232X,https://resultados.gob.ar/elecciones/1/55367/1/-1/-1/Buenos-Aires/Secci%C3%B3n-Primera/Luj%C3%A1n/Luj%C3%A1n/00599/ESCUELA-EP-N%C2%B024/0207100232X
Buenos Aires,Sección Primera,Luján,Luján,00599,ESCUELA EP N°24,0207100233X,https://resultados.gob.ar/elecciones/1/55368/1/-1/-1/Buenos-Aires/Secci%C3%B3n-Primera/Luj%C3%A1n/Luj%C3%A1n/00599/ESCUELA-EP-N%C2%B024/0207100233X
Buenos Aires,Sección Primera,Luján,Luján,00599,ESCUELA EP N°24,0207100234X,https://resultados.gob.ar/elecciones/1/55369/1/-1/-1/Buenos-Aires/Secci%C3%B3n-Primera/Luj%C3%A1n/Luj%C3%A1n/00599/ESCUELA-EP-N%C2%B024/0207100234X
Buenos Aires,Sección Primera,Luján,Luján,00599,ESCUELA EP N°24,0207100235X,https://resultados.gob.ar/elecciones/1/55370/1/-1/-1/Buenos-Aires/Secci%C3%B3n-Primera/Luj%C3%A1n/Luj%C3%A1n/00599/ESCUELA-EP-N%C2%B024/0207100235X
Buenos Aires,Sección Primera,Luján,Luján,00599,ESCUELA EP N°24,0207100236X,https://resultados.gob.ar/elecciones/1/55371/1/-1/-1/Buenos-Aires/Secci%C3%B3n-Primera/Luj%C3%A1n/Luj%C3%A1n/00599/ESCUELA-EP-N%C2%B024/0207100236X
Buenos Aires,Sección Primera,Luján,Luján,00599,ESCUELA EP N°24,0207100237X,https://resultados.gob.ar/elecciones/1/55372/1/-1/-1/Buenos-Aires/Secci%C3%B3n-Primera/Luj%C3%A1n/Luj%C3%A1n/00599/ESCUELA-EP-N%C2%B024/0207100237X
Buenos Aires,Sección Primera,Luján,Luján,00599,ESCUELA EP N°24,0207100238X,https://resultados.gob.ar/elecciones/1/55373/1/-1/-1/Buenos-Aires/Secci%C3%B3n-Primera/Luj%C3%A1n/Luj%C3%A1n/00599/ESCUELA-EP-N%C2%B024/0207100238X
Buenos Aires,Sección Primera,Luján,Luján,00599,ESCUELA EP N°24,0207100239X,https://resultados.gob.ar/elecciones/1/55374/1/-1/-1/Buenos-Aires/Secci%C3%B3n-Primera/Luj%C3%A1n/Luj%C3%A1n/00599/ESCUELA-EP-N%C2%B024/0207100239X
Buenos Aires,Sección Primera,Luján,Luján,00599,ESCUELA EP N°24,0207100240X,https://resultados.gob.ar/elecciones/1/55375/1/-1/-1/Buenos-Aires/Secci%C3%B3n-Primera/Luj%C3%A1n/Luj%C3%A1n/00599/ESCUELA-EP-N%C2%B024/0207100240X
Buenos Aires,Sección Primera,Luján,Luján,00599,ESCUELA EP N°8,0207100241X,https://resultados.gob.ar/elecciones/1/55376/1/-1/-1/Buenos-Aires/Secci%C3%B3n-Primera/Luj%C3%A1n/Luj%C3%A1n/00599/ESCUELA-EP-N%C2%B08/0207100241X
Buenos Aires,Sección Primera,Luján,Luján,00599,ESCUELA EP N°8,0207100242X,https://resultados.gob.ar/elecciones/1/55377/1/-1/-1/Buenos-Aires/Secci%C3%B3n-Primera/Luj%C3%A1n/Luj%C3%A1n/00599/ESCUELA-EP-N%C2%B08/0207100242X
Buenos Aires,Sección Primera,Luján,Luján,00599,ESCUELA EP N°8,0207100243X,https://resultados.gob.ar/elecciones/1/55378/1/-1/-1/Buenos-Aires/Secci%C3%B3n-Primera/Luj%C3%A1n/Luj%C3%A1n/00599/ESCUELA-EP-N%C2%B08/0207100243X
Buenos Aires,Sección Primera,Luján,Luján,00599,ESCUELA EP N°8,0207100244X,https://resultados.gob.ar/elecciones/1/55379/1/-1/-1/Buenos-Aires/Secci%C3%B3n-Primera/Luj%C3%A1n/Luj%C3%A1n/00599/ESCUELA-EP-N%C2%B08/0207100244X
Buenos Aires,Sección Primera,Luján,Luján,00599,ESCUELA ES N°2,0207100223X,https://resultados.gob.ar/elecciones/1/55358/1/-1/-1/Buenos-Aires/Secci%C3%B3n-Primera/Luj%C3%A1n/Luj%C3%A1n/00599/ESCUELA-ES-N%C2%B02/0207100223X
Buenos Aires,Sección Primera,Luján,Luján,00599,ESCUELA ES N°2,0207100224X,https://resultados.gob.ar/elecciones/1/55359/1/-1/-1/Buenos-Aires/Secci%C3%B3n-Primera/Luj%C3%A1n/Luj%C3%A1n/00599/ESCUELA-ES-N%C2%B02/0207100224X
Buenos Aires,Sección Primera,Luján,Luján,00599,ESCUELA ES N°2,0207100225X,https://resultados.gob.ar/elecciones/1/55360/1/-1/-1/Buenos-Aires/Secci%C3%B3n-Primera/Luj%C3%A1n/Luj%C3%A1n/00599/ESCUELA-ES-N%C2%B02/0207100225X
Buenos Aires,Sección Primera,Luján,Luján,00599,ESCUELA ES N°2,0207100226X,https://resultados.gob.ar/elecciones/1/55361/1/-1/-1/Buenos-Aires/Secci%C3%B3n-Primera/Luj%C3%A1n/Luj%C3%A1n/00599/ESCUELA-ES-N%C2%B02/0207100226X
Buenos Aires,Sección Primera,Luján,Luján,00599,ESCUELA ES N°2,0207100227X,https://resultados.gob.ar/elecciones/1/55362/1/-1/-1/Buenos-Aires/Secci%C3%B3n-Primera/Luj%C3%A1n/Luj%C3%A1n/00599/ESCUELA-ES-N%C2%B02/0207100227X
Buenos Aires,Sección Primera,Luján,Luján,00599,ESCUELA ES N°2,0207100228X,https://resultados.gob.ar/elecciones/1/55363/1/-1/-1/Buenos-Aires/Secci%C3%B3n-Primera/Luj%C3%A1n/Luj%C3%A1n/00599/ESCUELA-ES-N%C2%B02/0207100228X
Buenos Aires,Sección Primera,Luján,Luján,00599,ESCUELA ES N°2,0207100229X,https://resultados.gob.ar/elecciones/1/55364/1/-1/-1/Buenos-Aires/Secci%C3%B3n-Primera/Luj%C3%A1n/Luj%C3%A1n/00599/ESCUELA-ES-N%C2%B02/0207100229X
Buenos Aires,Sección Primera,Luján,Luján,00599,ESCUELA ES N°2,0207100230X,https://resultados.gob.ar/elecciones/1/55365/1/-1/-1/Buenos-Aires/Secci%C3%B3n-Primera/Luj%C3%A1n/Luj%C3%A1n/00599/ESCUELA-ES-N%C2%B02/0207100230X
Buenos Aires,Sección Primera,Luján,Luján,00599,ESCUELA ES N°2,0207100231X,https://resultados.gob.ar/elecciones/1/55366/1/-1/-1/Buenos-Aires/Secci%C3%B3n-Primera/Luj%C3%A1n/Luj%C3%A1n/00599/ESCUELA-ES-N%C2%B02/0207100231X
Buenos Aires,Sección Primera,Luján,Luján,00600,ESCUELA EP N°13,0207100245X,https://resultados.gob.ar/elecciones/1/55380/1/-1/-1/Buenos-Aires/Secci%C3%B3n-Primera/Luj%C3%A1n/Luj%C3%A1n/00600/ESCUELA-EP-N%C2%B013/0207100245X
Buenos Aires,Sección Primera,Luján,Luján,00600,ESCUELA EP N°13,0207100246X,https://resultados.gob.ar/elecciones/1/55381/1/-1/-1/Buenos-Aires/Secci%C3%B3n-Primera/Luj%C3%A1n/Luj%C3%A1n/00600/ESCUELA-EP-N%C2%B013/0207100246X
Buenos Aires,Sección Primera,Luján,Luján,00600,ESCUELA EP N°13,0207100247X,https://resultados.gob.ar/elecciones/1/55382/1/-1/-1/Buenos-Aires/Secci%C3%B3n-Primera/Luj%C3%A1n/Luj%C3%A1n/00600/ESCUELA-EP-N%C2%B013/0207100247X
Buenos Aires,Sección Primera,Luján,Luján,00600,ESCUELA EP N°13,0207100248X,https://resultados.gob.ar/elecciones/1/55383/1/-1/-1/Buenos-Aires/Secci%C3%B3n-Primera/Luj%C3%A1n/Luj%C3%A1n/00600/ESCUELA-EP-N%C2%B013/0207100248X
Buenos Aires,Sección Primera,Luján,Luján,00600,ESCUELA EP N°13,0207100249X,https://resultados.gob.ar/elecciones/1/55384/1/-1/-1/Buenos-Aires/Secci%C3%B3n-Primera/Luj%C3%A1n/Luj%C3%A1n/00600/ESCUELA-EP-N%C2%B013/0207100249X
Buenos Aires,Sección Primera,Luján,Luján,00600,ESCUELA EP N°13,0207100250X,https://resultados.gob.ar/elecciones/1/55385/1/-1/-1/Buenos-Aires/Secci%C3%B3n-Primera/Luj%C3%A1n/Luj%C3%A1n/00600/ESCUELA-EP-N%C2%B013/0207100250X
Buenos Aires,Sección Primera,Luján,Luján,00600,ESCUELA EP N°13,0207100251X,https://resultados.gob.ar/elecciones/1/55386/1/-1/-1/Buenos-Aires/Secci%C3%B3n-Primera/Luj%C3%A1n/Luj%C3%A1n/00600/ESCUELA-EP-N%C2%B013/0207100251X
Buenos Aires,Sección Primera,Luján,Luján,00601,ESCUELA EP N°6/EXTENSION ES N°4,0207100252X,https://resultados.gob.ar/elecciones/1/55387/1/-1/-1/Buenos-Aires/Secci%C3%B3n-Primera/Luj%C3%A1n/Luj%C3%A1n/00601/ESCUELA-EP-N%C2%B06%2FEXTENSION-ES-N%C2%B04/0207100252X
Buenos Aires,Sección Primera,Luján,Luján,00601,ESCUELA EP N°6/EXTENSION ES N°4,0207100253X,https://resultados.gob.ar/elecciones/1/55388/1/-1/-1/Buenos-Aires/Secci%C3%B3n-Primera/Luj%C3%A1n/Luj%C3%A1n/00601/ESCUELA-EP-N%C2%B06%2FEXTENSION-ES-N%C2%B04/0207100253X
Buenos Aires,Sección Primera,Luján,Luján,00601,ESCUELA EP N°6/EXTENSION ES N°4,0207100254X,https://resultados.gob.ar/elecciones/1/55389/1/-1/-1/Buenos-Aires/Secci%C3%B3n-Primera/Luj%C3%A1n/Luj%C3%A1n/00601/ESCUELA-EP-N%C2%B06%2FEXTENSION-ES-N%C2%B04/0207100254X
Buenos Aires,Sección Primera,Luján,Luján,00602,ESCUELA EP N°9,0207100255X,https://resultados.gob.ar/elecciones/1/55390/1/-1/-1/Buenos-Aires/Secci%C3%B3n-Primera/Luj%C3%A1n/Luj%C3%A1n/00602/ESCUELA-EP-N%C2%B09/0207100255X
Buenos Aires,Sección Primera,Luján,Luján,00602,ESCUELA EP N°9,0207100256X,https://resultados.gob.ar/elecciones/1/55391/1/-1/-1/Buenos-Aires/Secci%C3%B3n-Primera/Luj%C3%A1n/Luj%C3%A1n/00602/ESCUELA-EP-N%C2%B09/0207100256X
Buenos Aires,Sección Primera,Luján,Luján,00602,ESCUELA EP N°9,0207100257X,https://resultados.gob.ar/elecciones/1/55392/1/-1/-1/Buenos-Aires/Secci%C3%B3n-Primera/Luj%C3%A1n/Luj%C3%A1n/00602/ESCUELA-EP-N%C2%B09/0207100257X
Buenos Aires,Sección Primera,Luján,Luján,00602,ESCUELA EP N°9,0207100258X,https://resultados.gob.ar/elecciones/1/55393/1/-1/-1/Buenos-Aires/Secci%C3%B3n-Primera/Luj%C3%A1n/Luj%C3%A1n/00602/ESCUELA-EP-N%C2%B09/0207100258X
Buenos Aires,Sección Primera,Luján,Luján,00602,ESCUELA EP N°9,0207100259X,https://resultados.gob.ar/elecciones/1/55394/1/-1/-1/Buenos-Aires/Secci%C3%B3n-Primera/Luj%C3%A1n/Luj%C3%A1n/00602/ESCUELA-EP-N%C2%B09/0207100259X
Buenos Aires,Sección Primera,Luján,Luján,00602,ESCUELA EP N°9,0207100260X,https://resultados.gob.ar/elecciones/1/55395/1/-1/-1/Buenos-Aires/Secci%C3%B3n-Primera/Luj%C3%A1n/Luj%C3%A1n/00602/ESCUELA-EP-N%C2%B09/0207100260X
Buenos Aires,Sección Primera,Luján,Luján,00602,ESCUELA EP N°9,0207100261X,https://resultados.gob.ar/elecciones/1/55396/1/-1/-1/Buenos-Aires/Secci%C3%B3n-Primera/Luj%C3%A1n/Luj%C3%A1n/00602/ESCUELA-EP-N%C2%B09/0207100261X
Buenos Aires,Sección Primera,Luján,Luján,00602,ESCUELA EP N°9,0207100262X,https://resultados.gob.ar/elecciones/1/55397/1/-1/-1/Buenos-Aires/Secci%C3%B3n-Primera/Luj%C3%A1n/Luj%C3%A1n/00602/ESCUELA-EP-N%C2%B09/0207100262X
Buenos Aires,Sección Primera,Luján,Luján,00602,ESCUELA ES N°3,0207100263X,https://resultados.gob.ar/elecciones/1/55398/1/-1/-1/Buenos-Aires/Secci%C3%B3n-Primera/Luj%C3%A1n/Luj%C3%A1n/00602/ESCUELA-ES-N%C2%B03/0207100263X
Buenos Aires,Sección Primera,Luján,Luján,00602,ESCUELA ES N°3,0207100264X,https://resultados.gob.ar/elecciones/1/55399/1/-1/-1/Buenos-Aires/Secci%C3%B3n-Primera/Luj%C3%A1n/Luj%C3%A1n/00602/ESCUELA-ES-N%C2%B03/0207100264X
Buenos Aires,Sección Primera,Luján,Luján,00602,ESCUELA ES N°3,0207100265X,https://resultados.gob.ar/elecciones/1/55400/1/-1/-1/Buenos-Aires/Secci%C3%B3n-Primera/Luj%C3%A1n/Luj%C3%A1n/00602/ESCUELA-ES-N%C2%B03/0207100265X
Buenos Aires,Sección Primera,Luján,Luján,00602,ESCUELA ES N°3,0207100266X,https://resultados.gob.ar/elecciones/1/55401/1/-1/-1/Buenos-Aires/Secci%C3%B3n-Primera/Luj%C3%A1n/Luj%C3%A1n/00602/ESCUELA-ES-N%C2%B03/0207100266X
Buenos Aires,Sección Primera,Luján,Luján,00602,ESCUELA ES N°3,0207100267X,https://resultados.gob.ar/elecciones/1/55402/1/-1/-1/Buenos-Aires/Secci%C3%B3n-Primera/Luj%C3%A1n/Luj%C3%A1n/00602/ESCUELA-ES-N%C2%B03/0207100267X
Buenos Aires,Sección Primera,Luján,Luján,00602,ESCUELA ES N°3,0207100268X,https://resultados.gob.ar/elecciones/1/55403/1/-1/-1/Buenos-Aires/Secci%C3%B3n-Primera/Luj%C3%A1n/Luj%C3%A1n/00602/ESCUELA-ES-N%C2%B03/0207100268X
Buenos Aires,Sección Primera,Luján,Luján,00602,ESCUELA ES N°3,0207100269X,https://resultados.gob.ar/elecciones/1/55404/1/-1/-1/Buenos-Aires/Secci%C3%B3n-Primera/Luj%C3%A1n/Luj%C3%A1n/00602/ESCUELA-ES-N%C2%B03/0207100269X
Buenos Aires,Sección Primera,Luján,Luján,00602,JARDIN DE INFANTES N°907,0207100270X,https://resultados.gob.ar/elecciones/1/55405/1/-1/-1/Buenos-Aires/Secci%C3%B3n-Primera/Luj%C3%A1n/Luj%C3%A1n/00602/JARDIN-DE-INFANTES-N%C2%B0907/0207100270X
Buenos Aires,Sección Primera,Luján,Luján,00602,JARDIN DE INFANTES N°907,0207100271X,https://resultados.gob.ar/elecciones/1/55406/1/-1/-1/Buenos-Aires/Secci%C3%B3n-Primera/Luj%C3%A1n/Luj%C3%A1n/00602/JARDIN-DE-INFANTES-N%C2%B0907/0207100271X
Buenos Aires,Sección Primera,Luján,Luján,00603,ESCUELA EP N°23/ES N°15,0207100272X,https://resultados.gob.ar/elecciones/1/55407/1/-1/-1/Buenos-Aires/Secci%C3%B3n-Primera/Luj%C3%A1n/Luj%C3%A1n/00603/ESCUELA-EP-N%C2%B023%2FES-N%C2%B015/0207100272X
Buenos Aires,Sección Primera,Luján,Luján,00603,ESCUELA EP N°23/ES N°15,0207100273X,https://resultados.gob.ar/elecciones/1/55408/1/-1/-1/Buenos-Aires/Secci%C3%B3n-Primera/Luj%C3%A1n/Luj%C3%A1n/00603/ESCUELA-EP-N%C2%B023%2FES-N%C2%B015/0207100273X
Buenos Aires,Sección Primera,Luján,Luján,00603,ESCUELA EP N°23/ES N°15,0207100274X,https://resultados.gob.ar/elecciones/1/55409/1/-1/-1/Buenos-Aires/Secci%C3%B3n-Primera/Luj%C3%A1n/Luj%C3%A1n/00603/ESCUELA-EP-N%C2%B023%2FES-N%C2%B015/0207100274X
Buenos Aires,Sección Primera,Luján,Luján,00603,ESCUELA EP N°23/ES N°15,0207100275X,https://resultados.gob.ar/elecciones/1/55410/1/-1/-1/Buenos-Aires/Secci%C3%B3n-Primera/Luj%C3%A1n/Luj%C3%A1n/00603/ESCUELA-EP-N%C2%B023%2FES-N%C2%B015/0207100275X
Buenos Aires,Sección Primera,Luján,Luján,00603,ESCUELA EP N°23/ES N°15,0207100276X,https://resultados.gob.ar/elecciones/1/55411/1/-1/-1/Buenos-Aires/Secci%C3%B3n-Primera/Luj%C3%A1n/Luj%C3%A1n/00603/ESCUELA-EP-N%C2%B023%2FES-N%C2%B015/0207100276X
Buenos Aires,Sección Primera,Luján,Luján,00603,ESCUELA EP N°23/ES N°15,0207100277X,https://resultados.gob.ar/elecciones/1/55412/1/-1/-1/Buenos-Aires/Secci%C3%B3n-Primera/Luj%C3%A1n/Luj%C3%A1n/00603/ESCUELA-EP-N%C2%B023%2FES-N%C2%B015/0207100277X
Buenos Aires,Sección Primera,Luján,Luján,00603,ESCUELA EP N°23/ES N°15,0207100278X,https://resultados.gob.ar/elecciones/1/55413/1/-1/-1/Buenos-Aires/Secci%C3%B3n-Primera/Luj%C3%A1n/Luj%C3%A1n/00603/ESCUELA-EP-N%C2%B023%2FES-N%C2%B015/0207100278X
