Buenos Aires,Sección Primera,Marcos Paz,Marcos Paz,00624,ESCUELA DE EDUCACION ESPECIAL N°501,0207500106X,https://resultados.gob.ar/elecciones/1/55706/1/-1/-1/Buenos-Aires/Secci%C3%B3n-Primera/Marcos-Paz/Marcos-Paz/00624/ESCUELA-DE-EDUCACION-ESPECIAL-N%C2%B0501/0207500106X
Buenos Aires,Sección Primera,Marcos Paz,Marcos Paz,00624,ESCUELA DE EDUCACION ESPECIAL N°501,0207500107X,https://resultados.gob.ar/elecciones/1/55707/1/-1/-1/Buenos-Aires/Secci%C3%B3n-Primera/Marcos-Paz/Marcos-Paz/00624/ESCUELA-DE-EDUCACION-ESPECIAL-N%C2%B0501/0207500107X
Buenos Aires,Sección Primera,Marcos Paz,Marcos Paz,00624,ESCUELA DE EDUCACION ESPECIAL N°501,0207500108X,https://resultados.gob.ar/elecciones/1/55708/1/-1/-1/Buenos-Aires/Secci%C3%B3n-Primera/Marcos-Paz/Marcos-Paz/00624/ESCUELA-DE-EDUCACION-ESPECIAL-N%C2%B0501/0207500108X
Buenos Aires,Sección Primera,Marcos Paz,Marcos Paz,00624,ESCUELA DE EDUCACION ESPECIAL N°501,0207500109X,https://resultados.gob.ar/elecciones/1/55709/1/-1/-1/Buenos-Aires/Secci%C3%B3n-Primera/Marcos-Paz/Marcos-Paz/00624/ESCUELA-DE-EDUCACION-ESPECIAL-N%C2%B0501/0207500109X
Buenos Aires,Sección Primera,Marcos Paz,Marcos Paz,00624,ESCUELA DE EDUCACION ESPECIAL N°501,0207500110X,https://resultados.gob.ar/elecciones/1/55710/1/-1/-1/Buenos-Aires/Secci%C3%B3n-Primera/Marcos-Paz/Marcos-Paz/00624/ESCUELA-DE-EDUCACION-ESPECIAL-N%C2%B0501/0207500110X
Buenos Aires,Sección Primera,Marcos Paz,Marcos Paz,00624,ESCUELA DE EDUCACION ESPECIAL N°501,0207500111X,https://resultados.gob.ar/elecciones/1/55711/1/-1/-1/Buenos-Aires/Secci%C3%B3n-Primera/Marcos-Paz/Marcos-Paz/00624/ESCUELA-DE-EDUCACION-ESPECIAL-N%C2%B0501/0207500111X
Buenos Aires,Sección Primera,Marcos Paz,Marcos Paz,00624,ESCUELA EP N °20,0207500120X,https://resultados.gob.ar/elecciones/1/55720/1/-1/-1/Buenos-Aires/Secci%C3%B3n-Primera/Marcos-Paz/Marcos-Paz/00624/ESCUELA-EP-N-%C2%B020/0207500120X
Buenos Aires,Sección Primera,Marcos Paz,Marcos Paz,00624,ESCUELA EP N °20,0207500121X,https://resultados.gob.ar/elecciones/1/55721/1/-1/-1/Buenos-Aires/Secci%C3%B3n-Primera/Marcos-Paz/Marcos-Paz/00624/ESCUELA-EP-N-%C2%B020/0207500121X
Buenos Aires,Sección Primera,Marcos Paz,Marcos Paz,00624,ESCUELA EP N °20,0207500122X,https://resultados.gob.ar/elecciones/1/55722/1/-1/-1/Buenos-Aires/Secci%C3%B3n-Primera/Marcos-Paz/Marcos-Paz/00624/ESCUELA-EP-N-%C2%B020/0207500122X
Buenos Aires,Sección Primera,Marcos Paz,Marcos Paz,00624,ESCUELA EP N °20,0207500123X,https://resultados.gob.ar/elecciones/1/55723/1/-1/-1/Buenos-Aires/Secci%C3%B3n-Primera/Marcos-Paz/Marcos-Paz/00624/ESCUELA-EP-N-%C2%B020/0207500123X
Buenos Aires,Sección Primera,Marcos Paz,Marcos Paz,00624,ESCUELA EP N °20,0207500124X,https://resultados.gob.ar/elecciones/1/55724/1/-1/-1/Buenos-Aires/Secci%C3%B3n-Primera/Marcos-Paz/Marcos-Paz/00624/ESCUELA-EP-N-%C2%B020/0207500124X
Buenos Aires,Sección Primera,Marcos Paz,Marcos Paz,00624,ESCUELA EP N °20,0207500125X,https://resultados.gob.ar/elecciones/1/55725/1/-1/-1/Buenos-Aires/Secci%C3%B3n-Primera/Marcos-Paz/Marcos-Paz/00624/ESCUELA-EP-N-%C2%B020/0207500125X
Buenos Aires,Sección Primera,Marcos Paz,Marcos Paz,00624,ESCUELA EP N°1,0207500001X,https://resultados.gob.ar/elecciones/1/55601/1/-1/-1/Buenos-Aires/Secci%C3%B3n-Primera/Marcos-Paz/Marcos-Paz/00624/ESCUELA-EP-N%C2%B01/0207500001X
Buenos Aires,Sección Primera,Marcos Paz,Marcos Paz,00624,ESCUELA EP N°1,0207500002X,https://resultados.gob.ar/elecciones/1/55602/1/-1/-1/Buenos-Aires/Secci%C3%B3n-Primera/Marcos-Paz/Marcos-Paz/00624/ESCUELA-EP-N%C2%B01/0207500002X
Buenos Aires,Sección Primera,Marcos Paz,Marcos Paz,00624,ESCUELA EP N°1,0207500003X,https://resultados.gob.ar/elecciones/1/55603/1/-1/-1/Buenos-Aires/Secci%C3%B3n-Primera/Marcos-Paz/Marcos-Paz/00624/ESCUELA-EP-N%C2%B01/0207500003X
Buenos Aires,Sección Primera,Marcos Paz,Marcos Paz,00624,ESCUELA EP N°1,0207500004X,https://resultados.gob.ar/elecciones/1/55604/1/-1/-1/Buenos-Aires/Secci%C3%B3n-Primera/Marcos-Paz/Marcos-Paz/00624/ESCUELA-EP-N%C2%B01/0207500004X
Buenos Aires,Sección Primera,Marcos Paz,Marcos Paz,00624,ESCUELA EP N°1,0207500005X,https://resultados.gob.ar/elecciones/1/55605/1/-1/-1/Buenos-Aires/Secci%C3%B3n-Primera/Marcos-Paz/Marcos-Paz/00624/ESCUELA-EP-N%C2%B01/0207500005X
Buenos Aires,Sección Primera,Marcos Paz,Marcos Paz,00624,ESCUELA EP N°1,0207500006X,https://resultados.gob.ar/elecciones/1/55606/1/-1/-1/Buenos-Aires/Secci%C3%B3n-Primera/Marcos-Paz/Marcos-Paz/00624/ESCUELA-EP-N%C2%B01/0207500006X
Buenos Aires,Sección Primera,Marcos Paz,Marcos Paz,00624,ESCUELA EP N°1,0207500007X,https://resultados.gob.ar/elecciones/1/55607/1/-1/-1/Buenos-Aires/Secci%C3%B3n-Primera/Marcos-Paz/Marcos-Paz/00624/ESCUELA-EP-N%C2%B01/0207500007X
Buenos Aires,Sección Primera,Marcos Paz,Marcos Paz,00624,ESCUELA EP N°1,0207500008X,https://resultados.gob.ar/elecciones/1/55608/1/-1/-1/Buenos-Aires/Secci%C3%B3n-Primera/Marcos-Paz/Marcos-Paz/00624/ESCUELA-EP-N%C2%B01/0207500008X
Buenos Aires,Sección Primera,Marcos Paz,Marcos Paz,00624,ESCUELA EP N°1,0207500009X,https://resultados.gob.ar/elecciones/1/55609/1/-1/-1/Buenos-Aires/Secci%C3%B3n-Primera/Marcos-Paz/Marcos-Paz/00624/ESCUELA-EP-N%C2%B01/0207500009X
Buenos Aires,Sección Primera,Marcos Paz,Marcos Paz,00624,ESCUELA EP N°13/ES N°10,0207500082X,https://resultados.gob.ar/elecciones/1/55682/1/-1/-1/Buenos-Aires/Secci%C3%B3n-Primera/Marcos-Paz/Marcos-Paz/00624/ESCUELA-EP-N%C2%B013%2FES-N%C2%B010/0207500082X
Buenos Aires,Sección Primera,Marcos Paz,Marcos Paz,00624,ESCUELA EP N°13/ES N°10,0207500083X,https://resultados.gob.ar/elecciones/1/55683/1/-1/-1/Buenos-Aires/Secci%C3%B3n-Primera/Marcos-Paz/Marcos-Paz/00624/ESCUELA-EP-N%C2%B013%2FES-N%C2%B010/0207500083X
Buenos Aires,Sección Primera,Marcos Paz,Marcos Paz,00624,ESCUELA EP N°13/ES N°10,0207500084X,https://resultados.gob.ar/elecciones/1/55684/1/-1/-1/Buenos-Aires/Secci%C3%B3n-Primera/Marcos-Paz/Marcos-Paz/00624/ESCUELA-EP-N%C2%B013%2FES-N%C2%B010/0207500084X
Buenos Aires,Sección Primera,Marcos Paz,Marcos Paz,00624,ESCUELA EP N°13/ES N°10,0207500085X,https://resultados.gob.ar/elecciones/1/55685/1/-1/-1/Buenos-Aires/Secci%C3%B3n-Primera/Marcos-Paz/Marcos-Paz/00624/ESCUELA-EP-N%C2%B013%2FES-N%C2%B010/0207500085X
Buenos Aires,Sección Primera,Marcos Paz,Marcos Paz,00624,ESCUELA EP N°13/ES N°10,0207500086X,https://resultados.gob.ar/elecciones/1/55686/1/-1/-1/Buenos-Aires/Secci%C3%B3n-Primera/Marcos-Paz/Marcos-Paz/00624/ESCUELA-EP-N%C2%B013%2FES-N%C2%B010/0207500086X
Buenos Aires,Sección Primera,Marcos Paz,Marcos Paz,00624,ESCUELA EP N°13/ES N°10,0207500087X,https://resultados.gob.ar/elecciones/1/55687/1/-1/-1/Buenos-Aires/Secci%C3%B3n-Primera/Marcos-Paz/Marcos-Paz/00624/ESCUELA-EP-N%C2%B013%2FES-N%C2%B010/0207500087X
Buenos Aires,Sección Primera,Marcos Paz,Marcos Paz,00624,ESCUELA EP N°14/ES N°8,0207500068X,https://resultados.gob.ar/elecciones/1/55668/1/-1/-1/Buenos-Aires/Secci%C3%B3n-Primera/Marcos-Paz/Marcos-Paz/00624/ESCUELA-EP-N%C2%B014%2FES-N%C2%B08/0207500068X
Buenos Aires,Sección Primera,Marcos Paz,Marcos Paz,00624,ESCUELA EP N°14/ES N°8,0207500069X,https://resultados.gob.ar/elecciones/1/55669/1/-1/-1/Buenos-Aires/Secci%C3%B3n-Primera/Marcos-Paz/Marcos-Paz/00624/ESCUELA-EP-N%C2%B014%2FES-N%C2%B08/0207500069X
Buenos Aires,Sección Primera,Marcos Paz,Marcos Paz,00624,ESCUELA EP N°14/ES N°8,0207500070X,https://resultados.gob.ar/elecciones/1/55670/1/-1/-1/Buenos-Aires/Secci%C3%B3n-Primera/Marcos-Paz/Marcos-Paz/00624/ESCUELA-EP-N%C2%B014%2FES-N%C2%B08/0207500070X
Buenos Aires,Sección Primera,Marcos Paz,Marcos Paz,00624,ESCUELA EP N°14/ES N°8,0207500071X,https://resultados.gob.ar/elecciones/1/55671/1/-1/-1/Buenos-Aires/Secci%C3%B3n-Primera/Marcos-Paz/Marcos-Paz/00624/ESCUELA-EP-N%C2%B014%2FES-N%C2%B08/0207500071X
Buenos Aires,Sección Primera,Marcos Paz,Marcos Paz,00624,ESCUELA EP N°14/ES N°8,0207500072X,https://resultados.gob.ar/elecciones/1/55672/1/-1/-1/Buenos-Aires/Secci%C3%B3n-Primera/Marcos-Paz/Marcos-Paz/00624/ESCUELA-EP-N%C2%B014%2FES-N%C2%B08/0207500072X
Buenos Aires,Sección Primera,Marcos Paz,Marcos Paz,00624,ESCUELA EP N°15,0207500047X,https://resultados.gob.ar/elecciones/1/55647/1/-1/-1/Buenos-Aires/Secci%C3%B3n-Primera/Marcos-Paz/Marcos-Paz/00624/ESCUELA-EP-N%C2%B015/0207500047X
Buenos Aires,Sección Primera,Marcos Paz,Marcos Paz,00624,ESCUELA EP N°15,0207500048X,https://resultados.gob.ar/elecciones/1/55648/1/-1/-1/Buenos-Aires/Secci%C3%B3n-Primera/Marcos-Paz/Marcos-Paz/00624/ESCUELA-EP-N%C2%B015/0207500048X
Buenos Aires,Sección Primera,Marcos Paz,Marcos Paz,00624,ESCUELA EP N°15,0207500049X,https://resultados.gob.ar/elecciones/1/55649/1/-1/-1/Buenos-Aires/Secci%C3%B3n-Primera/Marcos-Paz/Marcos-Paz/00624/ESCUELA-EP-N%C2%B015/0207500049X
Buenos Aires,Sección Primera,Marcos Paz,Marcos Paz,00624,ESCUELA EP N°15,0207500050X,https://resultados.gob.ar/elecciones/1/55650/1/-1/-1/Buenos-Aires/Secci%C3%B3n-Primera/Marcos-Paz/Marcos-Paz/00624/ESCUELA-EP-N%C2%B015/0207500050X
Buenos Aires,Sección Primera,Marcos Paz,Marcos Paz,00624,ESCUELA EP N°15,0207500051X,https://resultados.gob.ar/elecciones/1/55651/1/-1/-1/Buenos-Aires/Secci%C3%B3n-Primera/Marcos-Paz/Marcos-Paz/00624/ESCUELA-EP-N%C2%B015/0207500051X
Buenos Aires,Sección Primera,Marcos Paz,Marcos Paz,00624,ESCUELA EP N°15,0207500052X,https://resultados.gob.ar/elecciones/1/55652/1/-1/-1/Buenos-Aires/Secci%C3%B3n-Primera/Marcos-Paz/Marcos-Paz/00624/ESCUELA-EP-N%C2%B015/0207500052X
Buenos Aires,Sección Primera,Marcos Paz,Marcos Paz,00624,ESCUELA EP N°15,0207500053X,https://resultados.gob.ar/elecciones/1/55653/1/-1/-1/Buenos-Aires/Secci%C3%B3n-Primera/Marcos-Paz/Marcos-Paz/00624/ESCUELA-EP-N%C2%B015/0207500053X
Buenos Aires,Sección Primera,Marcos Paz,Marcos Paz,00624,ESCUELA EP N°17/ES N°7,0207500088X,https://resultados.gob.ar/elecciones/1/55688/1/-1/-1/Buenos-Aires/Secci%C3%B3n-Primera/Marcos-Paz/Marcos-Paz/00624/ESCUELA-EP-N%C2%B017%2FES-N%C2%B07/0207500088X
Buenos Aires,Sección Primera,Marcos Paz,Marcos Paz,00624,ESCUELA EP N°17/ES N°7,0207500089X,https://resultados.gob.ar/elecciones/1/55689/1/-1/-1/Buenos-Aires/Secci%C3%B3n-Primera/Marcos-Paz/Marcos-Paz/00624/ESCUELA-EP-N%C2%B017%2FES-N%C2%B07/0207500089X
Buenos Aires,Sección Primera,Marcos Paz,Marcos Paz,00624,ESCUELA EP N°17/ES N°7,0207500090X,https://resultados.gob.ar/elecciones/1/55690/1/-1/-1/Buenos-Aires/Secci%C3%B3n-Primera/Marcos-Paz/Marcos-Paz/00624/ESCUELA-EP-N%C2%B017%2FES-N%C2%B07/0207500090X
Buenos Aires,Sección Primera,Marcos Paz,Marcos Paz,00624,ESCUELA EP N°17/ES N°7,0207500091X,https://resultados.gob.ar/elecciones/1/55691/1/-1/-1/Buenos-Aires/Secci%C3%B3n-Primera/Marcos-Paz/Marcos-Paz/00624/ESCUELA-EP-N%C2%B017%2FES-N%C2%B07/0207500091X
Buenos Aires,Sección Primera,Marcos Paz,Marcos Paz,00624,ESCUELA EP N°17/ES N°7,0207500092X,https://resultados.gob.ar/elecciones/1/55692/1/-1/-1/Buenos-Aires/Secci%C3%B3n-Primera/Marcos-Paz/Marcos-Paz/00624/ESCUELA-EP-N%C2%B017%2FES-N%C2%B07/0207500092X
Buenos Aires,Sección Primera,Marcos Paz,Marcos Paz,00624,ESCUELA EP N°17/ES N°7,0207500093X,https://resultados.gob.ar/elecciones/1/55693/1/-1/-1/Buenos-Aires/Secci%C3%B3n-Primera/Marcos-Paz/Marcos-Paz/00624/ESCUELA-EP-N%C2%B017%2FES-N%C2%B07/0207500093X
Buenos Aires,Sección Primera,Marcos Paz,Marcos Paz,00624,ESCUELA EP N°17/ES N°7,0207500094X,https://resultados.gob.ar/elecciones/1/55694/1/-1/-1/Buenos-Aires/Secci%C3%B3n-Primera/Marcos-Paz/Marcos-Paz/00624/ESCUELA-EP-N%C2%B017%2FES-N%C2%B07/0207500094X
Buenos Aires,Sección Primera,Marcos Paz,Marcos Paz,00624,ESCUELA EP N°17/ES N°7,0207500095X,https://resultados.gob.ar/elecciones/1/55695/1/-1/-1/Buenos-Aires/Secci%C3%B3n-Primera/Marcos-Paz/Marcos-Paz/00624/ESCUELA-EP-N%C2%B017%2FES-N%C2%B07/0207500095X
Buenos Aires,Sección Primera,Marcos Paz,Marcos Paz,00624,ESCUELA EP N°17/ES N°7,0207500096X,https://resultados.gob.ar/elecciones/1/55696/1/-1/-1/Buenos-Aires/Secci%C3%B3n-Primera/Marcos-Paz/Marcos-Paz/00624/ESCUELA-EP-N%C2%B017%2FES-N%C2%B07/0207500096X
Buenos Aires,Sección Primera,Marcos Paz,Marcos Paz,00624,ESCUELA EP N°2,0207500029X,https://resultados.gob.ar/elecciones/1/55629/1/-1/-1/Buenos-Aires/Secci%C3%B3n-Primera/Marcos-Paz/Marcos-Paz/00624/ESCUELA-EP-N%C2%B02/0207500029X
Buenos Aires,Sección Primera,Marcos Paz,Marcos Paz,00624,ESCUELA EP N°2,0207500030X,https://resultados.gob.ar/elecciones/1/55630/1/-1/-1/Buenos-Aires/Secci%C3%B3n-Primera/Marcos-Paz/Marcos-Paz/00624/ESCUELA-EP-N%C2%B02/0207500030X
Buenos Aires,Sección Primera,Marcos Paz,Marcos Paz,00624,ESCUELA EP N°2,0207500031X,https://resultados.gob.ar/elecciones/1/55631/1/-1/-1/Buenos-Aires/Secci%C3%B3n-Primera/Marcos-Paz/Marcos-Paz/00624/ESCUELA-EP-N%C2%B02/0207500031X
Buenos Aires,Sección Primera,Marcos Paz,Marcos Paz,00624,ESCUELA EP N°2,0207500032X,https://resultados.gob.ar/elecciones/1/55632/1/-1/-1/Buenos-Aires/Secci%C3%B3n-Primera/Marcos-Paz/Marcos-Paz/00624/ESCUELA-EP-N%C2%B02/0207500032X
Buenos Aires,Sección Primera,Marcos Paz,Marcos Paz,00624,ESCUELA EP N°2,0207500033X,https://resultados.gob.ar/elecciones/1/55633/1/-1/-1/Buenos-Aires/Secci%C3%B3n-Primera/Marcos-Paz/Marcos-Paz/00624/ESCUELA-EP-N%C2%B02/0207500033X
Buenos Aires,Sección Primera,Marcos Paz,Marcos Paz,00624,ESCUELA EP N°2,0207500034X,https://resultados.gob.ar/elecciones/1/55634/1/-1/-1/Buenos-Aires/Secci%C3%B3n-Primera/Marcos-Paz/Marcos-Paz/00624/ESCUELA-EP-N%C2%B02/0207500034X
Buenos Aires,Sección Primera,Marcos Paz,Marcos Paz,00624,ESCUELA EP N°5,0207500010X,https://resultados.gob.ar/elecciones/1/55610/1/-1/-1/Buenos-Aires/Secci%C3%B3n-Primera/Marcos-Paz/Marcos-Paz/00624/ESCUELA-EP-N%C2%B05/0207500010X
Buenos Aires,Sección Primera,Marcos Paz,Marcos Paz,00624,ESCUELA EP N°5,0207500011X,https://resultados.gob.ar/elecciones/1/55611/1/-1/-1/Buenos-Aires/Secci%C3%B3n-Primera/Marcos-Paz/Marcos-Paz/00624/ESCUELA-EP-N%C2%B05/0207500011X
Buenos Aires,Sección Primera,Marcos Paz,Marcos Paz,00624,ESCUELA EP N°5,0207500012X,https://resultados.gob.ar/elecciones/1/55612/1/-1/-1/Buenos-Aires/Secci%C3%B3n-Primera/Marcos-Paz/Marcos-Paz/00624/ESCUELA-EP-N%C2%B05/0207500012X
Buenos Aires,Sección Primera,Marcos Paz,Marcos Paz,00624,ESCUELA EP N°5,0207500013X,https://resultados.gob.ar/elecciones/1/55613/1/-1/-1/Buenos-Aires/Secci%C3%B3n-Primera/Marcos-Paz/Marcos-Paz/00624/ESCUELA-EP-N%C2%B05/0207500013X
Buenos Aires,Sección Primera,Marcos Paz,Marcos Paz,00624,ESCUELA EP N°5,0207500014X,https://resultados.gob.ar/elecciones/1/55614/1/-1/-1/Buenos-Aires/Secci%C3%B3n-Primera/Marcos-Paz/Marcos-Paz/00624/ESCUELA-EP-N%C2%B05/0207500014X
Buenos Aires,Sección Primera,Marcos Paz,Marcos Paz,00624,ESCUELA EP N°5,0207500015X,https://resultados.gob.ar/elecciones/1/55615/1/-1/-1/Buenos-Aires/Secci%C3%B3n-Primera/Marcos-Paz/Marcos-Paz/00624/ESCUELA-EP-N%C2%B05/0207500015X
Buenos Aires,Sección Primera,Marcos Paz,Marcos Paz,00624,ESCUELA EP N°5,0207500016X,https://resultados.gob.ar/elecciones/1/55616/1/-1/-1/Buenos-Aires/Secci%C3%B3n-Primera/Marcos-Paz/Marcos-Paz/00624/ESCUELA-EP-N%C2%B05/0207500016X
Buenos Aires,Sección Primera,Marcos Paz,Marcos Paz,00624,ESCUELA EP N°5,0207500017X,https://resultados.gob.ar/elecciones/1/55617/1/-1/-1/Buenos-Aires/Secci%C3%B3n-Primera/Marcos-Paz/Marcos-Paz/00624/ESCUELA-EP-N%C2%B05/0207500017X
Buenos Aires,Sección Primera,Marcos Paz,Marcos Paz,00624,ESCUELA EP N°5,0207500018X,https://resultados.gob.ar/elecciones/1/55618/1/-1/-1/Buenos-Aires/Secci%C3%B3n-Primera/Marcos-Paz/Marcos-Paz/00624/ESCUELA-EP-N%C2%B05/0207500018X
Buenos Aires,Sección Primera,Marcos Paz,Marcos Paz,00624,ESCUELA EP N°5,0207500019X,https://resultados.gob.ar/elecciones/1/55619/1/-1/-1/Buenos-Aires/Secci%C3%B3n-Primera/Marcos-Paz/Marcos-Paz/00624/ESCUELA-EP-N%C2%B05/0207500019X
Buenos Aires,Sección Primera,Marcos Paz,Marcos Paz,00624,ESCUELA EP N°6/ES N°6,0207500040X,https://resultados.gob.ar/elecciones/1/55640/1/-1/-1/Buenos-Aires/Secci%C3%B3n-Primera/Marcos-Paz/Marcos-Paz/00624/ESCUELA-EP-N%C2%B06%2FES-N%C2%B06/0207500040X
Buenos Aires,Sección Primera,Marcos Paz,Marcos Paz,00624,ESCUELA EP N°6/ES N°6,0207500041X,https://resultados.gob.ar/elecciones/1/55641/1/-1/-1/Buenos-Aires/Secci%C3%B3n-Primera/Marcos-Paz/Marcos-Paz/00624/ESCUELA-EP-N%C2%B06%2FES-N%C2%B06/0207500041X
Buenos Aires,Sección Primera,Marcos Paz,Marcos Paz,00624,ESCUELA EP N°6/ES N°6,0207500042X,https://resultados.gob.ar/elecciones/1/55642/1/-1/-1/Buenos-Aires/Secci%C3%B3n-Primera/Marcos-Paz/Marcos-Paz/00624/ESCUELA-EP-N%C2%B06%2FES-N%C2%B06/0207500042X
Buenos Aires,Sección Primera,Marcos Paz,Marcos Paz,00624,ESCUELA EP N°6/ES N°6,0207500043X,https://resultados.gob.ar/elecciones/1/55643/1/-1/-1/Buenos-Aires/Secci%C3%B3n-Primera/Marcos-Paz/Marcos-Paz/00624/ESCUELA-EP-N%C2%B06%2FES-N%C2%B06/0207500043X
Buenos Aires,Sección Primera,Marcos Paz,Marcos Paz,00624,ESCUELA EP N°6/ES N°6,0207500044X,https://resultados.gob.ar/elecciones/1/55644/1/-1/-1/Buenos-Aires/Secci%C3%B3n-Primera/Marcos-Paz/Marcos-Paz/00624/ESCUELA-EP-N%C2%B06%2FES-N%C2%B06/0207500044X
Buenos Aires,Sección Primera,Marcos Paz,Marcos Paz,00624,ESCUELA EP N°6/ES N°6,0207500045X,https://resultados.gob.ar/elecciones/1/55645/1/-1/-1/Buenos-Aires/Secci%C3%B3n-Primera/Marcos-Paz/Marcos-Paz/00624/ESCUELA-EP-N%C2%B06%2FES-N%C2%B06/0207500045X
Buenos Aires,Sección Primera,Marcos Paz,Marcos Paz,00624,ESCUELA EP N°6/ES N°6,0207500046X,https://resultados.gob.ar/elecciones/1/55646/1/-1/-1/Buenos-Aires/Secci%C3%B3n-Primera/Marcos-Paz/Marcos-Paz/00624/ESCUELA-EP-N%C2%B06%2FES-N%C2%B06/0207500046X
Buenos Aires,Sección Primera,Marcos Paz,Marcos Paz,00624,ESCUELA EP N°9,0207500035X,https://resultados.gob.ar/elecciones/1/55635/1/-1/-1/Buenos-Aires/Secci%C3%B3n-Primera/Marcos-Paz/Marcos-Paz/00624/ESCUELA-EP-N%C2%B09/0207500035X
Buenos Aires,Sección Primera,Marcos Paz,Marcos Paz,00624,ESCUELA EP N°9,0207500036X,https://resultados.gob.ar/elecciones/1/55636/1/-1/-1/Buenos-Aires/Secci%C3%B3n-Primera/Marcos-Paz/Marcos-Paz/00624/ESCUELA-EP-N%C2%B09/0207500036X
Buenos Aires,Sección Primera,Marcos Paz,Marcos Paz,00624,ESCUELA EP N°9,0207500037X,https://resultados.gob.ar/elecciones/1/55637/1/-1/-1/Buenos-Aires/Secci%C3%B3n-Primera/Marcos-Paz/Marcos-Paz/00624/ESCUELA-EP-N%C2%B09/0207500037X
Buenos Aires,Sección Primera,Marcos Paz,Marcos Paz,00624,ESCUELA EP N°9,0207500038X,https://resultados.gob.ar/elecciones/1/55638/1/-1/-1/Buenos-Aires/Secci%C3%B3n-Primera/Marcos-Paz/Marcos-Paz/00624/ESCUELA-EP-N%C2%B09/0207500038X
Buenos Aires,Sección Primera,Marcos Paz,Marcos Paz,00624,ESCUELA EP N°9,0207500039X,https://resultados.gob.ar/elecciones/1/55639/1/-1/-1/Buenos-Aires/Secci%C3%B3n-Primera/Marcos-Paz/Marcos-Paz/00624/ESCUELA-EP-N%C2%B09/0207500039X
Buenos Aires,Sección Primera,Marcos Paz,Marcos Paz,00624,ESCUELA ES N°1,0207500054X,https://resultados.gob.ar/elecciones/1/55654/1/-1/-1/Buenos-Aires/Secci%C3%B3n-Primera/Marcos-Paz/Marcos-Paz/00624/ESCUELA-ES-N%C2%B01/0207500054X
Buenos Aires,Sección Primera,Marcos Paz,Marcos Paz,00624,ESCUELA ES N°1,0207500055X,https://resultados.gob.ar/elecciones/1/55655/1/-1/-1/Buenos-Aires/Secci%C3%B3n-Primera/Marcos-Paz/Marcos-Paz/00624/ESCUELA-ES-N%C2%B01/0207500055X
Buenos Aires,Sección Primera,Marcos Paz,Marcos Paz,00624,ESCUELA ES N°1,0207500056X,https://resultados.gob.ar/elecciones/1/55656/1/-1/-1/Buenos-Aires/Secci%C3%B3n-Primera/Marcos-Paz/Marcos-Paz/00624/ESCUELA-ES-N%C2%B01/0207500056X
Buenos Aires,Sección Primera,Marcos Paz,Marcos Paz,00624,ESCUELA ES N°1,0207500057X,https://resultados.gob.ar/elecciones/1/55657/1/-1/-1/Buenos-Aires/Secci%C3%B3n-Primera/Marcos-Paz/Marcos-Paz/00624/ESCUELA-ES-N%C2%B01/0207500057X
Buenos Aires,Sección Primera,Marcos Paz,Marcos Paz,00624,ESCUELA ES N°1,0207500058X,https://resultados.gob.ar/elecciones/1/55658/1/-1/-1/Buenos-Aires/Secci%C3%B3n-Primera/Marcos-Paz/Marcos-Paz/00624/ESCUELA-ES-N%C2%B01/0207500058X
Buenos Aires,Sección Primera,Marcos Paz,Marcos Paz,00624,ESCUELA ES N°1,0207500059X,https://resultados.gob.ar/elecciones/1/55659/1/-1/-1/Buenos-Aires/Secci%C3%B3n-Primera/Marcos-Paz/Marcos-Paz/00624/ESCUELA-ES-N%C2%B01/0207500059X
Buenos Aires,Sección Primera,Marcos Paz,Marcos Paz,00624,ESCUELA ES N°2,0207500020X,https://resultados.gob.ar/elecciones/1/55620/1/-1/-1/Buenos-Aires/Secci%C3%B3n-Primera/Marcos-Paz/Marcos-Paz/00624/ESCUELA-ES-N%C2%B02/0207500020X
Buenos Aires,Sección Primera,Marcos Paz,Marcos Paz,00624,ESCUELA ES N°2,0207500021X,https://resultados.gob.ar/elecciones/1/55621/1/-1/-1/Buenos-Aires/Secci%C3%B3n-Primera/Marcos-Paz/Marcos-Paz/00624/ESCUELA-ES-N%C2%B02/0207500021X
Buenos Aires,Sección Primera,Marcos Paz,Marcos Paz,00624,ESCUELA ES N°2,0207500022X,https://resultados.gob.ar/elecciones/1/55622/1/-1/-1/Buenos-Aires/Secci%C3%B3n-Primera/Marcos-Paz/Marcos-Paz/00624/ESCUELA-ES-N%C2%B02/0207500022X
Buenos Aires,Sección Primera,Marcos Paz,Marcos Paz,00624,ESCUELA ES N°2,0207500023X,https://resultados.gob.ar/elecciones/1/55623/1/-1/-1/Buenos-Aires/Secci%C3%B3n-Primera/Marcos-Paz/Marcos-Paz/00624/ESCUELA-ES-N%C2%B02/0207500023X
Buenos Aires,Sección Primera,Marcos Paz,Marcos Paz,00624,ESCUELA ES N°2,0207500024X,https://resultados.gob.ar/elecciones/1/55624/1/-1/-1/Buenos-Aires/Secci%C3%B3n-Primera/Marcos-Paz/Marcos-Paz/00624/ESCUELA-ES-N%C2%B02/0207500024X
Buenos Aires,Sección Primera,Marcos Paz,Marcos Paz,00624,ESCUELA ES N°2,0207500025X,https://resultados.gob.ar/elecciones/1/55625/1/-1/-1/Buenos-Aires/Secci%C3%B3n-Primera/Marcos-Paz/Marcos-Paz/00624/ESCUELA-ES-N%C2%B02/0207500025X
Buenos Aires,Sección Primera,Marcos Paz,Marcos Paz,00624,ESCUELA ES N°2,0207500026X,https://resultados.gob.ar/elecciones/1/55626/1/-1/-1/Buenos-Aires/Secci%C3%B3n-Primera/Marcos-Paz/Marcos-Paz/00624/ESCUELA-ES-N%C2%B02/0207500026X
Buenos Aires,Sección Primera,Marcos Paz,Marcos Paz,00624,ESCUELA ES N°2,0207500027X,https://resultados.gob.ar/elecciones/1/55627/1/-1/-1/Buenos-Aires/Secci%C3%B3n-Primera/Marcos-Paz/Marcos-Paz/00624/ESCUELA-ES-N%C2%B02/0207500027X
Buenos Aires,Sección Primera,Marcos Paz,Marcos Paz,00624,ESCUELA ES N°2,0207500028X,https://resultados.gob.ar/elecciones/1/55628/1/-1/-1/Buenos-Aires/Secci%C3%B3n-Primera/Marcos-Paz/Marcos-Paz/00624/ESCUELA-ES-N%C2%B02/0207500028X
Buenos Aires,Sección Primera,Marcos Paz,Marcos Paz,00624,ESCUELA ES N°4,0207500103X,https://resultados.gob.ar/elecciones/1/55703/1/-1/-1/Buenos-Aires/Secci%C3%B3n-Primera/Marcos-Paz/Marcos-Paz/00624/ESCUELA-ES-N%C2%B04/0207500103X
Buenos Aires,Sección Primera,Marcos Paz,Marcos Paz,00624,ESCUELA ES N°4,0207500104X,https://resultados.gob.ar/elecciones/1/55704/1/-1/-1/Buenos-Aires/Secci%C3%B3n-Primera/Marcos-Paz/Marcos-Paz/00624/ESCUELA-ES-N%C2%B04/0207500104X
Buenos Aires,Sección Primera,Marcos Paz,Marcos Paz,00624,ESCUELA ES N°4,0207500105X,https://resultados.gob.ar/elecciones/1/55705/1/-1/-1/Buenos-Aires/Secci%C3%B3n-Primera/Marcos-Paz/Marcos-Paz/00624/ESCUELA-ES-N%C2%B04/0207500105X
Buenos Aires,Sección Primera,Marcos Paz,Marcos Paz,00624,ESCUELA ES N°9,0207500073X,https://resultados.gob.ar/elecciones/1/55673/1/-1/-1/Buenos-Aires/Secci%C3%B3n-Primera/Marcos-Paz/Marcos-Paz/00624/ESCUELA-ES-N%C2%B09/0207500073X
Buenos Aires,Sección Primera,Marcos Paz,Marcos Paz,00624,ESCUELA ES N°9,0207500074X,https://resultados.gob.ar/elecciones/1/55674/1/-1/-1/Buenos-Aires/Secci%C3%B3n-Primera/Marcos-Paz/Marcos-Paz/00624/ESCUELA-ES-N%C2%B09/0207500074X
Buenos Aires,Sección Primera,Marcos Paz,Marcos Paz,00624,ESCUELA ES N°9,0207500075X,https://resultados.gob.ar/elecciones/1/55675/1/-1/-1/Buenos-Aires/Secci%C3%B3n-Primera/Marcos-Paz/Marcos-Paz/00624/ESCUELA-ES-N%C2%B09/0207500075X
Buenos Aires,Sección Primera,Marcos Paz,Marcos Paz,00624,ESCUELA ES N°9,0207500076X,https://resultados.gob.ar/elecciones/1/55676/1/-1/-1/Buenos-Aires/Secci%C3%B3n-Primera/Marcos-Paz/Marcos-Paz/00624/ESCUELA-ES-N%C2%B09/0207500076X
Buenos Aires,Sección Primera,Marcos Paz,Marcos Paz,00624,ESCUELA ES N°9,0207500077X,https://resultados.gob.ar/elecciones/1/55677/1/-1/-1/Buenos-Aires/Secci%C3%B3n-Primera/Marcos-Paz/Marcos-Paz/00624/ESCUELA-ES-N%C2%B09/0207500077X
Buenos Aires,Sección Primera,Marcos Paz,Marcos Paz,00624,ESCUELA ES N°9,0207500078X,https://resultados.gob.ar/elecciones/1/55678/1/-1/-1/Buenos-Aires/Secci%C3%B3n-Primera/Marcos-Paz/Marcos-Paz/00624/ESCUELA-ES-N%C2%B09/0207500078X
Buenos Aires,Sección Primera,Marcos Paz,Marcos Paz,00624,ESCUELA ES N°9,0207500079X,https://resultados.gob.ar/elecciones/1/55679/1/-1/-1/Buenos-Aires/Secci%C3%B3n-Primera/Marcos-Paz/Marcos-Paz/00624/ESCUELA-ES-N%C2%B09/0207500079X
Buenos Aires,Sección Primera,Marcos Paz,Marcos Paz,00624,ESCUELA ES N°9,0207500080X,https://resultados.gob.ar/elecciones/1/55680/1/-1/-1/Buenos-Aires/Secci%C3%B3n-Primera/Marcos-Paz/Marcos-Paz/00624/ESCUELA-ES-N%C2%B09/0207500080X
Buenos Aires,Sección Primera,Marcos Paz,Marcos Paz,00624,ESCUELA ES N°9,0207500081X,https://resultados.gob.ar/elecciones/1/55681/1/-1/-1/Buenos-Aires/Secci%C3%B3n-Primera/Marcos-Paz/Marcos-Paz/00624/ESCUELA-ES-N%C2%B09/0207500081X
Buenos Aires,Sección Primera,Marcos Paz,Marcos Paz,00624,ESCUELA EST N°2,0207500112X,https://resultados.gob.ar/elecciones/1/55712/1/-1/-1/Buenos-Aires/Secci%C3%B3n-Primera/Marcos-Paz/Marcos-Paz/00624/ESCUELA-EST-N%C2%B02/0207500112X
Buenos Aires,Sección Primera,Marcos Paz,Marcos Paz,00624,ESCUELA EST N°2,0207500113X,https://resultados.gob.ar/elecciones/1/55713/1/-1/-1/Buenos-Aires/Secci%C3%B3n-Primera/Marcos-Paz/Marcos-Paz/00624/ESCUELA-EST-N%C2%B02/0207500113X
Buenos Aires,Sección Primera,Marcos Paz,Marcos Paz,00624,ESCUELA EST N°2,0207500114X,https://resultados.gob.ar/elecciones/1/55714/1/-1/-1/Buenos-Aires/Secci%C3%B3n-Primera/Marcos-Paz/Marcos-Paz/00624/ESCUELA-EST-N%C2%B02/0207500114X
Buenos Aires,Sección Primera,Marcos Paz,Marcos Paz,00624,ESCUELA EST N°2,0207500115X,https://resultados.gob.ar/elecciones/1/55715/1/-1/-1/Buenos-Aires/Secci%C3%B3n-Primera/Marcos-Paz/Marcos-Paz/00624/ESCUELA-EST-N%C2%B02/0207500115X
Buenos Aires,Sección Primera,Marcos Paz,Marcos Paz,00624,INSTITUTO MODELO DE EDUCACION SEMBRAR,0207500132X,https://resultados.gob.ar/elecciones/1/55732/1/-1/-1/Buenos-Aires/Secci%C3%B3n-Primera/Marcos-Paz/Marcos-Paz/00624/INSTITUTO-MODELO-DE-EDUCACION-SEMBRAR/0207500132X
Buenos Aires,Sección Primera,Marcos Paz,Marcos Paz,00624,INSTITUTO MODELO DE EDUCACION SEMBRAR,0207500133X,https://resultados.gob.ar/elecciones/1/55733/1/-1/-1/Buenos-Aires/Secci%C3%B3n-Primera/Marcos-Paz/Marcos-Paz/00624/INSTITUTO-MODELO-DE-EDUCACION-SEMBRAR/0207500133X
Buenos Aires,Sección Primera,Marcos Paz,Marcos Paz,00624,INSTITUTO MODELO DE EDUCACION SEMBRAR,0207500134X,https://resultados.gob.ar/elecciones/1/55734/1/-1/-1/Buenos-Aires/Secci%C3%B3n-Primera/Marcos-Paz/Marcos-Paz/00624/INSTITUTO-MODELO-DE-EDUCACION-SEMBRAR/0207500134X
Buenos Aires,Sección Primera,Marcos Paz,Marcos Paz,00624,INSTITUTO MODELO DE EDUCACION SEMBRAR,0207500135X,https://resultados.gob.ar/elecciones/1/55735/1/-1/-1/Buenos-Aires/Secci%C3%B3n-Primera/Marcos-Paz/Marcos-Paz/00624/INSTITUTO-MODELO-DE-EDUCACION-SEMBRAR/0207500135X
Buenos Aires,Sección Primera,Marcos Paz,Marcos Paz,00624,INSTITUTO MODELO DE EDUCACION SEMBRAR,0207500136X,https://resultados.gob.ar/elecciones/1/55736/1/-1/-1/Buenos-Aires/Secci%C3%B3n-Primera/Marcos-Paz/Marcos-Paz/00624/INSTITUTO-MODELO-DE-EDUCACION-SEMBRAR/0207500136X
Buenos Aires,Sección Primera,Marcos Paz,Marcos Paz,00624,INSTITUTO MODELO DE EDUCACION SEMBRAR,0207500137X,https://resultados.gob.ar/elecciones/1/55737/1/-1/-1/Buenos-Aires/Secci%C3%B3n-Primera/Marcos-Paz/Marcos-Paz/00624/INSTITUTO-MODELO-DE-EDUCACION-SEMBRAR/0207500137X
Buenos Aires,Sección Primera,Marcos Paz,Marcos Paz,00624,INSTITUTO MODELO DE EDUCACION SEMBRAR,0207500138X,https://resultados.gob.ar/elecciones/1/55738/1/-1/-1/Buenos-Aires/Secci%C3%B3n-Primera/Marcos-Paz/Marcos-Paz/00624/INSTITUTO-MODELO-DE-EDUCACION-SEMBRAR/0207500138X
Buenos Aires,Sección Primera,Marcos Paz,Marcos Paz,00624,INSTITUTO NUESTRA SEÑORA DE FATIMA (JI/EP),0207500126X,https://resultados.gob.ar/elecciones/1/55726/1/-1/-1/Buenos-Aires/Secci%C3%B3n-Primera/Marcos-Paz/Marcos-Paz/00624/INSTITUTO-NUESTRA-SE%C3%91ORA-DE-FATIMA-(JI%2FEP)/0207500126X
Buenos Aires,Sección Primera,Marcos Paz,Marcos Paz,00624,INSTITUTO NUESTRA SEÑORA DE FATIMA (JI/EP),0207500127X,https://resultados.gob.ar/elecciones/1/55727/1/-1/-1/Buenos-Aires/Secci%C3%B3n-Primera/Marcos-Paz/Marcos-Paz/00624/INSTITUTO-NUESTRA-SE%C3%91ORA-DE-FATIMA-(JI%2FEP)/0207500127X
Buenos Aires,Sección Primera,Marcos Paz,Marcos Paz,00624,INSTITUTO NUESTRA SEÑORA DE FATIMA (JI/EP),0207500128X,https://resultados.gob.ar/elecciones/1/55728/1/-1/-1/Buenos-Aires/Secci%C3%B3n-Primera/Marcos-Paz/Marcos-Paz/00624/INSTITUTO-NUESTRA-SE%C3%91ORA-DE-FATIMA-(JI%2FEP)/0207500128X
Buenos Aires,Sección Primera,Marcos Paz,Marcos Paz,00624,INSTITUTO NUESTRA SEÑORA DE FATIMA (JI/EP),0207500129X,https://resultados.gob.ar/elecciones/1/55729/1/-1/-1/Buenos-Aires/Secci%C3%B3n-Primera/Marcos-Paz/Marcos-Paz/00624/INSTITUTO-NUESTRA-SE%C3%91ORA-DE-FATIMA-(JI%2FEP)/0207500129X
Buenos Aires,Sección Primera,Marcos Paz,Marcos Paz,00624,INSTITUTO NUESTRA SEÑORA DE FATIMA (JI/EP),0207500130X,https://resultados.gob.ar/elecciones/1/55730/1/-1/-1/Buenos-Aires/Secci%C3%B3n-Primera/Marcos-Paz/Marcos-Paz/00624/INSTITUTO-NUESTRA-SE%C3%91ORA-DE-FATIMA-(JI%2FEP)/0207500130X
Buenos Aires,Sección Primera,Marcos Paz,Marcos Paz,00624,INSTITUTO NUESTRA SEÑORA DE FATIMA (JI/EP),0207500131X,https://resultados.gob.ar/elecciones/1/55731/1/-1/-1/Buenos-Aires/Secci%C3%B3n-Primera/Marcos-Paz/Marcos-Paz/00624/INSTITUTO-NUESTRA-SE%C3%91ORA-DE-FATIMA-(JI%2FEP)/0207500131X
Buenos Aires,Sección Primera,Marcos Paz,Marcos Paz,00624,INSTITUTO PRIVADO MARCOS PAZ (JI/EP/ES),0207500097X,https://resultados.gob.ar/elecciones/1/55697/1/-1/-1/Buenos-Aires/Secci%C3%B3n-Primera/Marcos-Paz/Marcos-Paz/00624/INSTITUTO-PRIVADO-MARCOS-PAZ-(JI%2FEP%2FES)/0207500097X
Buenos Aires,Sección Primera,Marcos Paz,Marcos Paz,00624,INSTITUTO PRIVADO MARCOS PAZ (JI/EP/ES),0207500098X,https://resultados.gob.ar/elecciones/1/55698/1/-1/-1/Buenos-Aires/Secci%C3%B3n-Primera/Marcos-Paz/Marcos-Paz/00624/INSTITUTO-PRIVADO-MARCOS-PAZ-(JI%2FEP%2FES)/0207500098X
Buenos Aires,Sección Primera,Marcos Paz,Marcos Paz,00624,INSTITUTO PRIVADO MARCOS PAZ (JI/EP/ES),0207500099X,https://resultados.gob.ar/elecciones/1/55699/1/-1/-1/Buenos-Aires/Secci%C3%B3n-Primera/Marcos-Paz/Marcos-Paz/00624/INSTITUTO-PRIVADO-MARCOS-PAZ-(JI%2FEP%2FES)/0207500099X
Buenos Aires,Sección Primera,Marcos Paz,Marcos Paz,00624,INSTITUTO PRIVADO MARCOS PAZ (JI/EP/ES),0207500100X,https://resultados.gob.ar/elecciones/1/55700/1/-1/-1/Buenos-Aires/Secci%C3%B3n-Primera/Marcos-Paz/Marcos-Paz/00624/INSTITUTO-PRIVADO-MARCOS-PAZ-(JI%2FEP%2FES)/0207500100X
Buenos Aires,Sección Primera,Marcos Paz,Marcos Paz,00624,INSTITUTO PRIVADO MARCOS PAZ (JI/EP/ES),0207500101X,https://resultados.gob.ar/elecciones/1/55701/1/-1/-1/Buenos-Aires/Secci%C3%B3n-Primera/Marcos-Paz/Marcos-Paz/00624/INSTITUTO-PRIVADO-MARCOS-PAZ-(JI%2FEP%2FES)/0207500101X
Buenos Aires,Sección Primera,Marcos Paz,Marcos Paz,00624,INSTITUTO PRIVADO MARCOS PAZ (JI/EP/ES),0207500102X,https://resultados.gob.ar/elecciones/1/55702/1/-1/-1/Buenos-Aires/Secci%C3%B3n-Primera/Marcos-Paz/Marcos-Paz/00624/INSTITUTO-PRIVADO-MARCOS-PAZ-(JI%2FEP%2FES)/0207500102X
Buenos Aires,Sección Primera,Marcos Paz,Marcos Paz,00624,INSTITUTO SAN JOSE (JI/EP/ES),0207500060X,https://resultados.gob.ar/elecciones/1/55660/1/-1/-1/Buenos-Aires/Secci%C3%B3n-Primera/Marcos-Paz/Marcos-Paz/00624/INSTITUTO-SAN-JOSE-(JI%2FEP%2FES)/0207500060X
Buenos Aires,Sección Primera,Marcos Paz,Marcos Paz,00624,INSTITUTO SAN JOSE (JI/EP/ES),0207500061X,https://resultados.gob.ar/elecciones/1/55661/1/-1/-1/Buenos-Aires/Secci%C3%B3n-Primera/Marcos-Paz/Marcos-Paz/00624/INSTITUTO-SAN-JOSE-(JI%2FEP%2FES)/0207500061X
Buenos Aires,Sección Primera,Marcos Paz,Marcos Paz,00624,INSTITUTO SAN JOSE (JI/EP/ES),0207500062X,https://resultados.gob.ar/elecciones/1/55662/1/-1/-1/Buenos-Aires/Secci%C3%B3n-Primera/Marcos-Paz/Marcos-Paz/00624/INSTITUTO-SAN-JOSE-(JI%2FEP%2FES)/0207500062X
Buenos Aires,Sección Primera,Marcos Paz,Marcos Paz,00624,INSTITUTO SAN JOSE (JI/EP/ES),0207500063X,https://resultados.gob.ar/elecciones/1/55663/1/-1/-1/Buenos-Aires/Secci%C3%B3n-Primera/Marcos-Paz/Marcos-Paz/00624/INSTITUTO-SAN-JOSE-(JI%2FEP%2FES)/0207500063X
Buenos Aires,Sección Primera,Marcos Paz,Marcos Paz,00624,INSTITUTO SAN JOSE (JI/EP/ES),0207500064X,https://resultados.gob.ar/elecciones/1/55664/1/-1/-1/Buenos-Aires/Secci%C3%B3n-Primera/Marcos-Paz/Marcos-Paz/00624/INSTITUTO-SAN-JOSE-(JI%2FEP%2FES)/0207500064X
Buenos Aires,Sección Primera,Marcos Paz,Marcos Paz,00624,INSTITUTO SAN JOSE (JI/EP/ES),0207500065X,https://resultados.gob.ar/elecciones/1/55665/1/-1/-1/Buenos-Aires/Secci%C3%B3n-Primera/Marcos-Paz/Marcos-Paz/00624/INSTITUTO-SAN-JOSE-(JI%2FEP%2FES)/0207500065X
Buenos Aires,Sección Primera,Marcos Paz,Marcos Paz,00624,INSTITUTO SAN JOSE (JI/EP/ES),0207500066X,https://resultados.gob.ar/elecciones/1/55666/1/-1/-1/Buenos-Aires/Secci%C3%B3n-Primera/Marcos-Paz/Marcos-Paz/00624/INSTITUTO-SAN-JOSE-(JI%2FEP%2FES)/0207500066X
Buenos Aires,Sección Primera,Marcos Paz,Marcos Paz,00624,INSTITUTO SAN JOSE (JI/EP/ES),0207500067X,https://resultados.gob.ar/elecciones/1/55667/1/-1/-1/Buenos-Aires/Secci%C3%B3n-Primera/Marcos-Paz/Marcos-Paz/00624/INSTITUTO-SAN-JOSE-(JI%2FEP%2FES)/0207500067X
Buenos Aires,Sección Primera,Marcos Paz,Marcos Paz,00624,JARDIN DE INFANTES N°914,0207500116X,https://resultados.gob.ar/elecciones/1/55716/1/-1/-1/Buenos-Aires/Secci%C3%B3n-Primera/Marcos-Paz/Marcos-Paz/00624/JARDIN-DE-INFANTES-N%C2%B0914/0207500116X
Buenos Aires,Sección Primera,Marcos Paz,Marcos Paz,00624,JARDIN DE INFANTES N°914,0207500117X,https://resultados.gob.ar/elecciones/1/55717/1/-1/-1/Buenos-Aires/Secci%C3%B3n-Primera/Marcos-Paz/Marcos-Paz/00624/JARDIN-DE-INFANTES-N%C2%B0914/0207500117X
Buenos Aires,Sección Primera,Marcos Paz,Marcos Paz,00624,JARDIN DE INFANTES N°914,0207500118X,https://resultados.gob.ar/elecciones/1/55718/1/-1/-1/Buenos-Aires/Secci%C3%B3n-Primera/Marcos-Paz/Marcos-Paz/00624/JARDIN-DE-INFANTES-N%C2%B0914/0207500118X
Buenos Aires,Sección Primera,Marcos Paz,Marcos Paz,00624,JARDIN DE INFANTES N°914,0207500119X,https://resultados.gob.ar/elecciones/1/55719/1/-1/-1/Buenos-Aires/Secci%C3%B3n-Primera/Marcos-Paz/Marcos-Paz/00624/JARDIN-DE-INFANTES-N%C2%B0914/0207500119X
Buenos Aires,Sección Primera,Marcos Paz,Marcos Paz,0624A,ESCUELA ES AGRARIA N° 1,0207500139X,https://resultados.gob.ar/elecciones/1/55739/1/-1/-1/Buenos-Aires/Secci%C3%B3n-Primera/Marcos-Paz/Marcos-Paz/0624A/ESCUELA-ES-AGRARIA-N%C2%B0-1/0207500139X
Buenos Aires,Sección Primera,Marcos Paz,Marcos Paz,0624A,ESCUELA ES AGRARIA N° 1,0207500140X,https://resultados.gob.ar/elecciones/1/55740/1/-1/-1/Buenos-Aires/Secci%C3%B3n-Primera/Marcos-Paz/Marcos-Paz/0624A/ESCUELA-ES-AGRARIA-N%C2%B0-1/0207500140X
